"id","title","overview","release_date","popularity","vote_average","vote_count","genre_ids"
969681,"Spider-Man: Brand New Day","Fighting crime full-time as Spider-Man in a world that doesn't remember him—and the pressure of seeing his old friends move on without him—sparks a change in Peter Parker he may not have the power to control. But that transformation might also be the only thing that can stop a shocking new threat to the city and those he loves - a powerful villain no one can even see.","2026-07-29",646.2568,7.865,2931,"878,28,12"
1423191,"Resident Evil","Medical courier Bryan unwittingly finds himself fighting for survival as one fateful, horrifying night collapses around him in chaos.","2026-09-16",366.0537,7.344,589,"27,878,12"
1101383,"The End of Oak Street","After a mysterious cosmic event rips Oak Street from suburbia and transports their neighborhood to someplace unknown, the Platt family soon discovers that their very survival depends on them sticking together as they navigate their now unrecognizable surroundings.","2026-08-12",333.6832,7.053,1680,"878,9648,53"
1368337,"The Odyssey","Odysseus, the legendary King of Ithaca, embarks on a long and perilous journey home following the Trojan War. Throughout his voyage, he is forced to confront the whims of gods, mythological monsters, and trials that stretch both his cunning and his humanity to the breaking point.","2026-07-15",337.9605,8.018,3963,"12,28,14"
1032863,"The Love Hypothesis","Olive Smith, a biology PhD candidate, and Dr. Adam Carlsen, a hotshot professor and well-known tyrant, enter into a fake relationship, seeing each of their carefully calculated theories on love get thrown into chaos.","2026-09-23",319.1073,8.142,355,"10749,35"
1204680,"Coyote vs. Acme","After Acme products fail him one too many times in his dogged pursuit of the Roadrunner, Wile E. Coyote decides to hire a billboard lawyer to sue the Acme Corporation.","2026-08-17",317.3843,7.6,554,"35,12,10751"
1294189,"The Mongoose","A falsely accused war hero with nothing to lose leads police on an epic televised cross-country car chase, helped by members of his former Special Forces Army battalion and closely monitored by a fascinated public rooting for his safe getaway.","2026-10-29",236.948,0,0,"28,53"
1751701,"After Impact","After losing his father, Ethan Nichols inherits one of the largest greenhouses in the country, just as the world faces a devastating threat from an approaching asteroid. As society begins to unravel, Ethan grapples with personal betrayal, overwhelming loneliness, and the growing fear that survival may come at the cost of his humanity. Seeking refuge in his family’s bunker, Ethan endures the harsh aftermath of the impact, wrestling with physical injury and emotional despair. When a faint voice crackles over his radio, Ethan discovers he's not as alone as he believed.","2026-09-15",257.1176,6.441,17,"878,18,53"
1228834,"The Fix","Disillusioned by the end of the war in Afghanistan, a group of disgraced, war-torn ex-CIA operatives set out to Tehran to take down a life-changing score.","2026-09-10",256.7688,7.176,37,"28,53"
1288445,"Mutiny","After witnessing his billionaire boss' murder and being framed for the crime, Cole Reed boards a cargo ship on a one-man crusade to avenge his boss' death only to discover an international conspiracy.","2026-08-19",223.2007,7.328,697,"28,53"
1375646,"Colony","Professor Se-jeong is thrust into a bloody nightmare when a rapidly mutating virus is released during a biotech conference causing authorities to seal the facility. Trapped inside with no escape, Se-jeong along with a small group of survivors must fight to stay alive while the infected undergo horrific transformations.","2026-05-21",216.9875,8.1,951,"27,28,878"
1084244,"Toy Story 5","When Bonnie receives a Lilypad tablet as a gift and becomes obsessed, Buzz, Woody, Jessie and the rest of the gang's jobs become exponentially harder when they have to go head to head with the all-new threat to playtime.","2026-06-17",186.1204,8.315,2409,"16,10751,35,12"
1263337,"Heart of the Beast","After a harrowing plane crash, Special Forces officer James Belmont and his combat dog, Odin, find themselves stranded deep in the Alaskan wilderness. Together, they are forced into a brutal fight for survival against the elements.","2026-09-19",188.5726,7.7,122,"12,53"
1607127,"One Last Shot","Navy Seal Jake Harris must stop a team of mercenaries, led by his disillusioned former comrade, from disabling the US missile defense network.","2026-09-22",165.365,7.393,70,"28,53"
1492640,"UNABOMBER","Follow Ted Kaczynski's transformation from Harvard prodigy into the infamous Unabomber. Subjected to controversial psychological experiments by Professor Henry Murray, Kaczynski's troubled past resurfaces decades later when his manhunt, led by FBI agent Joanne Miller, brings to light the chilling consequences of ambition and isolation.","2026-09-25",177.9249,6.972,177,"53,18,80"
1482547,"Zip Wire","When her ground-breaking pharmaceutical discovery is stolen and partner murdered, researcher Amy must face her fear of heights to escape nefarious attackers, with the only path to salvation being a treacherous aerial runway. To outsmart the mysterious hostiles, she has to summon every ounce of courage to protect the world-changing scientific discovery — and herself — before it's too late.","2026-08-31",153.5808,7.3,15,"28,53"
1377237,"Runner","A former soldier is thrown into a brutal race against time when a critical medical delivery makes him and his unlikely partner the targets of a ruthless cartel. As the mission spirals into a deadly manhunt, every detour, delay, and bullet pushes them closer to failure. With betrayal closing in from every side, they must survive the chase and deliver their cargo to save the life of a little girl.","2026-09-07",172.2429,8.01,104,"28,35"
1339713,"Obsession","After breaking the mysterious ""One Wish Willow"" to win his crush's heart, a hopeless romantic finds himself getting exactly what he asked for but soon discovers that some desires come at a dark, sinister price.","2026-05-13",163.8055,8.189,5809,"27,53"
460458,"Resident Evil: Welcome to Raccoon City","Once the booming home of pharmaceutical giant Umbrella Corporation, Raccoon City is now a dying Midwestern town. The company’s exodus left the city a wasteland…with great evil brewing below the surface. When that evil is unleashed, the townspeople are forever…changed…and a small group of survivors must work together to uncover the truth behind Umbrella and make it through the night.","2021-11-24",161.2546,5.93,2822,"28,27,878"
1108427,"Moana","Teenage Moana answers the Ocean's call and, for the first time, voyages beyond the reef of her island of Motunui with infamous demigod Maui on an unforgettable journey to restore prosperity to her people.","2026-07-08",141.7618,7.396,805,"10751,14,35,12"
1232569,"Pinocchio: Unstrung","Influenced by a sinister Cricket and created by Geppetto, Pinocchio launches a violent crusade to carve himself into a real boy like his brother James, one piece at a time.","2026-07-22",136.3083,6.6,115,"27,14,9648"
1477712,"Ice Cream Man","An idyllic summer town descends into madness when an ice cream man serves kids sweet delights with horrifying results.","2026-08-03",141.8255,4.753,95,"35,27,53"
299534,"Avengers: Endgame","After the devastating events of Avengers: Infinity War, the universe is in ruins due to the efforts of the Mad Titan, Thanos. With the help of remaining allies, the Avengers must assemble once more in order to undo Thanos' actions and restore order to the universe once and for all, no matter what consequences may be in store.","2019-04-24",136.7755,8.246,28840,"12,878,28"
1240889,"Teenage Sex and Death at Camp Miasma","After years of slapdash sequels, the Camp Miasma franchise is handed over to an enthusiastic young director for resurrection. But when she visits the original’s star, a now-reclusive actress shrouded in mystery, the two women fall into a blood-soaked world of desire, fear, and delirium.","2026-08-06",116.7095,6.36,210,"35,27,10749"
1440098,"Drawn Together","Marfil, daughter of a powerful Spanish businessman, sees her life in New York turned upside down when she is kidnapped and released without explanation. Her father hires Sebastian Moore as bodyguard and, forced to spend every minute together, an inevitable attraction ignites in a world where nothing is as it seems.","2026-09-09",110.8114,6.729,142,"10749,53"
1224993,"Dark Nuns","Desperation drives two nuns to perform an exorcism no nun should attempt. With a possessed child at the mercy of evil and the opposition of the Catholic Church, they take on the dangerous forbidden rituals themselves, putting their immortal souls in grave danger. They must confront the terrifying cost of their sacrilegious actions, but one goal remains: the boy must be saved at all costs.","2025-01-24",100.5931,6.204,98,"27,9648,53,18"
1315772,"Minions & Monsters","This is the rambunctious, ridiculous and totally true story of how the Minions conquered Hollywood, became movie stars, lost everything, unleashed monsters onto the world and then banded together to try and save the planet from the mayhem they had just created.","2026-06-24",102.0733,7.562,1192,"12,16,35,10751,14"
1422011,"It Ends","A group of recent grads head out on a late night drive for grub, hoping to enjoy one final hangout before their paths diverge. Instead, they accidentally turn onto a never-ending, two-lane hellscape surrounded by untold horrors and cosmic forces beyond their understanding. Cramped together inside a Jeep Cherokee and with the miles stretching infinitely ahead, they face a choice: embrace their new existence or fight to escape it.","2026-08-21",113.7643,5.4,53,"27,9648"
1083381,"Backrooms","A strange doorway appears in the basement of a furniture showroom.","2026-05-27",103.3498,7.024,3487,"27,9648,878"
687163,"Project Hail Mary","Science teacher Ryland Grace wakes up on a spaceship light years from home with no recollection of who he is or how he got there. As his memory returns, he begins to uncover his mission: solve the riddle of the mysterious substance causing the sun to die out. He must call on his scientific knowledge and unorthodox ideas to save everything on Earth from extinction.","2026-03-15",103.3979,8.642,8033,"878,12"
1580190,"The Scavenger","When his aspiring-celebrity sister becomes trapped in a criminal scheme within an entertainment company, a devoted brother teams up with local police to uncover the truth and take down the powerful underworld behind it.","2026-09-23",94.2562,2,1,"18,80"
755898,"War of the Worlds","Will Radford is a top analyst for Homeland Security who tracks potential threats through a mass surveillance program, until one day an attack by an unknown entity leads him to question whether the government is hiding something from him... and from the rest of the world.","2025-07-29",91.8448,4,1152,"878,53"
1469930,"Project Sacrifice","While investigating their father’s death inside a major bridge construction company, Yuda and his family attempt to prove that the frequent, deadly workplace accidents are actually human sacrifices.","2026-05-13",89.2237,3.9,6,"27,53"
82976,"The Novices","Sister Agnès runs away from her convent in Brittany and seeks refuge in Paris with prostitute Mona Lisa. With absolutely no qualifications, the young novice has a hard job finding work, so Mona Lisa tries to teach her the ropes of the oldest profession of them all!","1970-04-01",103.5853,4.8,13,"35,18"
299536,"Avengers: Infinity War","As the Avengers and their allies have continued to protect the world from threats too large for any one hero to handle, a new danger has emerged from the cosmic shadows: Thanos. A despot of intergalactic infamy, his goal is to collect all six Infinity Stones, artifacts of unimaginable power, and use them to inflict his twisted will on all of reality. Everything the Avengers have fought for has led up to this moment - the fate of Earth and existence itself has never been more uncertain.","2018-04-25",97.3951,8.244,33012,"12,28,878"
1641629,"You+Me - Against the World","Alma Lancaster, 18, appears to lead a perfect life within a wealthy family who believes she is studying law. In secret, she pursues her true dream: filmmaking. On campus, she meets Vadim Arcadi, 20, a magnetic and solitary rebel with a troubled past. Forced to collaborate on a student film, they clash, grow closer and fall in love — despite themselves. But someone is watching them, determined to tear them apart and expose secrets that could destroy both Alma and Vadim.","2026-09-18",88.8012,5.839,62,"10749,18"
1375441,"Primetime","In 2006, To Catch a Predator host Chris Hansen sets out to make television history, turning an undercover investigation into one of the most controversial cultural phenomena of the decade.","2026-09-23",96.8741,7.3,55,"80,53"
1323244,"Rage of Stars","A story about a woman from the International Special Forces Unit, who has a premonition about the impending end of humanity.","2026-08-06",81.5575,6.563,213,"28,878,53"
1465063,"Forgotten Island","While celebrating their last night together, high school graduates and best friends Jo and Raissa stumble upon a mysterious portal that transports them to the fantastical island of Nakali. When they discover that the memories of their entire friendship are the price for returning home, Jo and Raissa must race to find a way to leave the island before they forget each other forever.","2026-09-10",93.326,8.2,30,"16,12,14,35,10751"
1386315,"The Runner","Maia Marten, a brilliant London lawyer, has her life shattered by a single call on her morning run: her son has been taken. To get him back, she must keep running, obey every ruthless command, and trust no one-each second a test of how far a mother will go to save her child.","2026-09-03",80.9158,6.817,597,"53,28"
591634,"False Positive","After months of trying and failing to get pregnant, Lucy and Adrian finally find their dream fertility doctor in the illustrious Dr. Hindle. But after becoming pregnant with a healthy baby girl, Lucy begins to notice something sinister through Hindle's gleaming charm, and she sets out to uncover the unsettling truth about him.","2021-06-18",84.9204,5.5,202,"27,9648,53"
1275779,"Disclosure Day","A cybersecurity expert becomes a whistleblower after uncovering secrets about aliens, putting him on the run from a corporation. Meanwhile, a meteorologist experiencing strange phenomena joins forces with him to prove there's life beyond our understanding.","2026-06-10",83.2922,7.466,3480,"878,53"
335984,"Blade Runner 2049","Thirty years after the events of the first film, a new blade runner, LAPD Officer K, unearths a long-buried secret that has the potential to plunge what's left of society into chaos. K's discovery leads him on a quest to find Rick Deckard, a former LAPD blade runner who has been missing for 30 years.","2017-10-04",94.8919,7.608,15749,"878,18"
1185806,"PAW Patrol: The Dino Movie","The Paw Patrol lands on a mysterious dinosaur island after a storm, where they meet Rex, a stranded pup. When Humdinger's reckless mining triggers a volcano, the team faces their biggest rescue mission yet to save the island.","2026-07-23",76.8856,8.139,147,"16,12,10751,14,35"
1130948,"Rosebush Pruning","When an American heir living in a luxurious Spanish villa decides to move in with his girlfriend, his departure triggers a family collapse as his brother uncovers the truth behind their mother's tragic death.","2026-04-23",77.3485,6.1,56,"35,18,53"
1538457,"Meesaya Murukku 2","After facing rejection in love and getting into a fight, Jeeva learns about his father Siva's struggles and sacrifices. Inspired by his grandfather's legacy and father's dedication, Jeeva changes his outlook and works hard toward his musical dream. Through determination and perseverance, Jeeva earns recognition in the music industry and brings pride to his family.","2026-09-25",97.7277,0,0,"35,10749,18"
276488,"Let Us Prey","Rachel, a rookie cop, is about to begin her first night shift in a neglected police station in a Scottish, backwater town. The kind of place where the tide has gone out and stranded a motley bunch of the aimless, the forgotten, the bitter-and-twisted who all think that, really, they deserve to be somewhere else. They all think they're there by accident and that, with a little luck, life is going to get better. Wrong, on both counts. Six is about to arrive - and All Hell Will Break Loose!","2014-04-17",80.4544,5.7,381,"53,27"
83533,"Avatar: Fire and Ash","In the wake of the devastating war against the RDA and the loss of their eldest son, Jake Sully and Neytiri face a new threat on Pandora: the Ash People, a violent and power-hungry Na'vi tribe led by the ruthless Varang. Jake's family must fight for their survival and the future of Pandora in a conflict that pushes them to their emotional and physical limits.","2025-12-17",84.3108,7.64,4403,"878,12,14"
1003596,"Avengers: Doomsday","Beloved heroes from three distinct universes are set on a deadly collision course and face an existential threat unlike anything they've ever encountered.","2026-12-15",92.0611,0,0,"878,28,12"
1284465,"The Death of Robin Hood","Grappling with his past after a life of crime and murder, Robin Hood finds himself gravely injured after a battle he thought would be his last. In the hands of a mysterious woman, he is offered a chance at salvation.","2026-06-18",74.0508,6.622,446,"12,18,28"
1084242,"Zootopia 2","After cracking the biggest case in Zootopia's history, rookie cops Judy Hopps and Nick Wilde find themselves on the twisting trail of a great mystery when Gary De'Snake arrives and turns the animal metropolis upside down. To crack the case, Judy and Nick must go undercover to unexpected new parts of town, where their growing partnership is tested like never before.","2025-11-26",76.6438,7.671,3479,"16,12,35,9648,10751"
980431,"Avatar Aang: The Last Airbender","Avatar Aang, the world's last Airbender, learns of an ancient power that could save his culture from extinction. With the help of his friends, he embarks on a global quest to find it before it falls into the wrong hands and threatens to upend the peace they sacrificed everything to achieve.","2026-07-24",72.7753,9.144,1209,"16,12,14,28"
1156869,"Blaze of Love","Hong Kong movie","1994-01-01",73.2152,0,0,""
1621552,"Facing El Chapo","Two Mexican officers must survive the final hours of their shift after crossing a ruthless cartel boss.","2026-08-21",75.282,8.798,843,"80,28,53"
1228710,"The Mandalorian and Grogu","The evil Empire has fallen, and Imperial warlords remain scattered throughout the galaxy. As the fledgling New Republic works to protect everything the Rebellion fought for, they have enlisted the help of legendary Mandalorian bounty hunter Din Djarin and his young apprentice Grogu.","2026-05-20",71.1131,7.464,1746,"28,12,878"
1516698,"The Last Sunrise","Ry, a college student with a chronic illness, escapes to Mallorca for the summer with her mother, where she unexpectedly falls for a local and begins to embrace living in the moment. But as her condition worsens and long-hidden family secrets come to light, everything she has found before summer's end is threatened.","2026-08-26",64.5128,6.842,203,"10749,18"
1599993,"Animals","Four couples sail the thin line between desire and search for authenticity, in a world where truth is as fragile as their relationships.","2026-02-05",64.5025,6.3,50,"35,53"
1419406,"The Shadow's Edge","Macau Police brings the tracking expert police officer out of retirement to help catch a dangerous group of professional thieves.","2025-08-16",72.2653,8.298,1475,"28,80,18,53"
1481603,"Hold the Fort","A HOA turns out to be more troublesome than usual in this wildly amusing, FX-heavy freak-out about newly minted suburbanites unexpectedly forced to take part in a struggle against monstrous forces.","2025-07-16",71.6023,6.321,14,"27,35"
157336,"Interstellar","The adventures of a group of explorers who make use of a newly discovered wormhole to surpass the limitations on human space travel and conquer the vast distances involved in an interstellar voyage.","2014-11-05",70.85,8.5,41305,"12,18,878"
1101412,"Fall 2: Deadpoint","On a perilous climb across Thailand's Mount Kwan, two climbers become trapped thousands of feet above the ground, where vertigo-inducing heights, sheer exposure, and impossible odds turn every moment into a fight for survival.","2026-09-01",70.5189,6.173,52,"53"
813418,"Hot Spot","Set in a near future society ruled by sentient A.I., a private eye investigates a murder case only to discover a rebel group capable of undermining the digital overlord. As the detective's identity slowly unravels, his world enters a state of hypnotic meltdown.","2026-08-21",67.1052,4.848,33,"878,28,80,14,53"
24428,"The Avengers","When an unexpected enemy emerges and threatens global safety and security, Nick Fury, director of the international peacekeeping agency known as S.H.I.E.L.D., finds himself in need of a team to pull the world back from the brink of disaster. Spanning the globe, a daring recruitment effort begins!","2012-04-25",70.8174,8.078,39873,"878,28,12"
45722,"Don't Look Down","A sexy Spanish siren named Elvira schools a young man in tantric lovemaking.","2008-10-18",70.2162,5.7,71,"18,10749"
233651,"Sex Rider: Wet Highway","On the eve of her wedding and while cheating with another man, a woman gets involved into a dangerous new world of experiences.","1971-12-29",88.4336,5,14,"53"
1127384,"Deep Water","A group of international passengers on a flight from Los Angeles to Shanghai is forced to make an emergency landing in shark-infested waters. The terrified group is forced to work together and overcome their differences if they hope to escape their sinking plane and the frenzy of sharks drawn to the wreckage.","2026-04-30",57.6598,7.398,636,"27,53,12"
1193824,"Rabbit Trap","When a musician and her husband move to a remote house in Wales, the music they make disturbs local ancient folk magic, bringing a nameless child to their door intent on infiltrating their lives.","2025-09-12",63.3718,5.8,45,"53,14,27,9648,18"
1081003,"Supergirl","When an unexpected and ruthless adversary strikes too close to home, Kara Zor-El, aka Supergirl, reluctantly joins forces with an unlikely companion on an epic, interstellar journey of vengeance and justice.","2026-06-24",62.4987,6.665,2453,"28,12,878"
1340102,"Lion Fist","Martial arts fighter Joe goes to prison for four years and takes his wife's blame for a drug bust. After his release, he learns that his son needs expensive surgery because of a life-threatening tumor. Joe's only chance to save him: a brutal all-styles tournament with a $100,000 prize.","2026-09-10",66.6566,7.412,17,"28"
1137844,"Mayday","When a U.S. Navy pilot on a top-secret mission during the Cold War gets trapped behind enemy lines, his only chance at survival is to form an alliance with an eccentric ex-KGB agent.","2026-09-03",56.8414,8,842,"28,35"
1285366,"Shape of My Heart","A romance about a man and a woman who, due to an unexpected event, end up switching bodies. Despite coming from completely different backgrounds and environments, the two try to overcome the various difficulties that arise from their body swap.","2024-07-06",58.6535,5.7,8,"10749"
1248832,"Digger","The most powerful man in the world embarks on a frantic mission to prove he is humanity's savior before the disaster he's unleashed destroys everything.","2026-09-30",83.1185,8.1,7,"35"
1560520,"Batman: Knightfall Part 1: Knightfall","Arkham Asylum has been destroyed, and all its inmates have been unleashed upon Gotham City. As Batman races to round up some of his greatest enemies, he is pushed to his physical and mental limits and into a final confrontation with a new threat: the man called Bane!","2026-06-23",58.6763,9.16,399,"16,28,12,18"
278,"The Shawshank Redemption","Imprisoned in the 1940s for the double murder of his wife and her lover, upstanding banker Andy Dufresne begins a new life at the Shawshank prison, where he puts his accounting skills to work for an amoral warden. During his long stretch in prison, Dufresne comes to be admired by the other inmates -- including an older prisoner named Red -- for his integrity and unquenchable sense of hope.","1994-09-23",63.7617,8.731,31449,"18,80"
475557,"Joker","During the 1980s, a failed stand-up comedian is driven insane and turns to a life of crime and chaos in Gotham City while becoming an infamous psychopathic crime figure.","2019-10-01",52.9579,8.116,28398,"80,53,18"
238,"The Godfather","Spanning the years 1945 to 1955, a chronicle of the fictional Italian-American Corleone crime family. When organized crime family patriarch, Vito Corleone barely survives an attempt on his life, his youngest son, Michael steps in to take care of the would-be killers, launching a campaign of bloody revenge.","1972-03-14",61.0318,8.688,23656,"18,80"
1311031,"Demon Slayer: Kimetsu no Yaiba Infinity Castle","The Demon Slayer Corps are drawn into the Infinity Castle, where Tanjiro, Nezuko, and the Hashira face terrifying Upper Rank demons in a desperate fight as the final battle against Muzan Kibutsuji begins.","2025-07-18",62.3239,8.796,2202,"16,28,14"
155,"The Dark Knight","Batman raises the stakes in his war on crime. With the help of Lt. Jim Gordon and District Attorney Harvey Dent, Batman sets out to dismantle the remaining criminal organizations that plague the streets. The partnership proves to be effective, but they soon find themselves prey to a reign of chaos unleashed by a rising criminal mastermind known to the terrified citizens of Gotham as the Joker.","2008-07-16",60.2589,8.536,36838,"28,53,80"
1393326,"Ghost in the Cell","In a notorious prison, an invisible force begins killing inmates brutally, compelling enemy gangs and corrupt guards to work together as they try to survive the mounting bloodshed.","2026-04-16",53.0193,7.2,76,"27,35,53"
634649,"Spider-Man: No Way Home","Peter Parker is unmasked and no longer able to separate his normal life from the high-stakes of being a super-hero. When he asks for help from Doctor Strange the stakes become even more dangerous, forcing him to discover what it truly means to be Spider-Man.","2021-12-15",58.9702,7.9,23210,"28,12,878"
533535,"Deadpool & Wolverine","A listless Wade Wilson toils away in civilian life with his days as the morally flexible mercenary, Deadpool, behind him. But when his homeworld faces an existential threat, Wade must reluctantly suit-up again with an even more reluctant Wolverine.","2024-07-24",61.0097,7.588,9526,"28,35,878"
1291595,"Insidious: Out of the Further","Gemma, a young mother raising her daughter in the house she grew up in, discovers she can travel into The Further, where she possesses an ability to bring what lives there back to the real world.","2026-08-19",59.112,6.5,167,"27,53"
1506560,"Clash of the Thundermans","When Chloe develops a destructive new superpower, the Hero League orders her to an elite boarding school for superheroes to learn control of her abilities. Faced with the prospect of sending Chloe away for years, the Thundermans split apart, with Phoebe, Barb and Billy taking her into hiding. Max, Hank, and Nora track their rogue family members, until the two factions face off against each other in a full-on battle for the Thundermans’ future.","2026-09-03",51.1007,6.71,62,"10770,10751,28"
1341138,"Spa Weekend","Four lifelong friends realize that somewhere between careers, relationships, families, and everyday responsibilities, they’ve forgotten how to take care of themselves and each other. Burned out and overdue for a break, the women escape to a luxury spa retreat for an unforgettable weekend dedicated to fun, laughter, and a lot of really bad decisions.","2026-08-20",55.8109,6.5,53,"35"
1408162,"Vishwanath & Sons","A celebrated Olympian shooter travels to America looking for a donor to help his sick child — but unexpected romance complicates his search.","2026-08-14",50.2541,7.3,29,"18,10749,35"
150540,"Inside Out","When 11-year-old Riley moves to a new city, her Emotions team up to help her through the transition. Joy, Fear, Anger, Disgust and Sadness work together, but when Joy and Sadness get lost, they must journey through unfamiliar places to get back home.","2015-06-17",57.1842,7.905,23940,"16,10751,12,18,35"
1226863,"The Super Mario Galaxy Movie","Having thwarted Bowser's previous plot to marry Princess Peach, Mario and Luigi now face a fresh threat in Bowser Jr., who is determined to liberate his father from captivity and restore the family legacy. Alongside companions new and old, the brothers travel across the stars to stop the young heir's crusade.","2026-04-01",52.6651,8.219,3741,"10751,35,12,14,16"
1184918,"The Wild Robot","After a shipwreck, an intelligent robot called Roz is stranded on an uninhabited island. To survive the harsh environment, Roz bonds with the island's animals and cares for an orphaned baby goose.","2024-09-12",56.3727,8.309,6657,"10751,16,878,12"
1212763,"Evil Dead Burn","After her husband's abrupt death, Alice seeks solace with his remaining family — descendants of a leading researcher on demonic possession. As her in-laws transform one by one into creatures that feed on fear, she comes to discover that the vows she took in life survive even in death.","2026-07-07",54.2338,7.666,1616,"27"
1280738,"The Furious","After a criminal network kidnaps Wang Wei's daughter and the corrupt police refuse to assist him, Wei sets out on his own to locate her. Navin, a tenacious journalist whose wife has mysteriously vanished, is his only ally. In this explosive martial arts showdown, the unlikely duo fights the kidnappers ruthlessly driven by a furious vengeance.","2026-06-10",57.8659,8.191,780,"28,80,53"
1273221,"Scary Movie","Twenty-six years after outrunning a suspiciously familiar masked killer, the Core Four are back in the killer's crosshairs and no horror movie IP is safe.","2026-06-03",56.8212,6.367,1960,"35"
671,"Harry Potter and the Philosopher's Stone","Harry Potter has lived under the stairs at his aunt and uncle's house his whole life. But on his 11th birthday, he learns he's a powerful wizard—with a place waiting for him at the Hogwarts School of Witchcraft and Wizardry. As he learns to harness his newfound powers with the help of the school's kindly headmaster, Harry uncovers the truth about his parents' deaths—and about the villain who's to blame.","2001-11-16",54.447,7.904,30301,"12,14"
445466,"Idiots","Two rock-bottom drivers transport a wealthy teen to rehab, but their simple job spirals into a chaotic journey of drugs, danger, and crime as their passenger derails their plans.","2026-08-20",56.7571,6.5,36,"35,80"
20352,"Despicable Me","Determined to prove he's the world's greatest supervillain, Gru hatches an audacious plan to steal the Moon. To pull it off, he adopts three orphaned girls—Margo, Edith, and Agnes—intending to use them as pawns in his scheme. But the unexpected bond they form forces him to question the criminal life he's always known.","2010-07-08",54.9824,7.262,16418,"16,35,80,878,10751"
1405742,"Portal to Hell","After a debt-collector finds a portal to hell in a washing machine at his local laundromat, he’s propositioned into feeding it sinners to save his neighbor’s soul, maybe even at the expense of his own.","2025-02-22",46.6079,6.2,16,"35,27"
936075,"Michael","The story of Michael Jackson, one of the most influential artists the world has ever known, and his life beyond the music. His journey from the discovery of his extraordinary talent as the lead of the Jackson Five, to the visionary artist whose creative ambition fueled a relentless pursuit to become the biggest entertainer in the world, highlighting both his life off-stage and some of the most iconic performances from his early solo career.","2026-04-22",51.6525,8.624,4432,"10402,18"
1594914,"Lucky Strike","A wounded American soldier fights to survive behind enemy lines during WWII's Battle of the Bulge against the Germans, relying on his instinct, spy craft and a hand-radio to evade capture and find his way back to his unit.","2026-06-26",48.9143,6.8,50,"28,10752"
675871,"Super Troopers 3","When Farva’s wildly over-the-top Indian engagement to Thorny’s sister spirals into chaos, the Super Troopers must navigate Thorny’s schemes to break up the relationship, while trying to crack a pernicious new drug ring  — all to save the day and maybe the wedding itself.","2026-08-06",46.7001,6.7,32,"35,80,9648"
122,"The Lord of the Rings: The Return of the King","As armies mass for a final battle that will decide the fate of the world--and powerful, ancient forces of Light and Dark compete to determine the outcome--one member of the Fellowship of the Ring is revealed as the noble heir to the throne of the Kings of Men. Yet, the sole hope for triumph over evil lies with a brave hobbit, Frodo, who, accompanied by his loyal friend Sam and the hideous, wretched Gollum, ventures deep into the very dark heart of Mordor on his seemingly impossible quest to destroy the Ring of Power.​","2003-12-17",57.0584,8.506,27447,"12,14,28"
27205,"Inception","Cobb, a skilled thief who commits corporate espionage by infiltrating the subconscious of his targets is offered a chance to regain his old life as payment for a task considered to be impossible: ""inception"", the implantation of another person's idea into a target's subconscious.","2010-07-15",51.9287,8.373,40292,"28,878,12"
569094,"Spider-Man: Across the Spider-Verse","After reuniting with Gwen Stacy, Brooklyn’s full-time, friendly neighborhood Spider-Man is catapulted across the Multiverse, where he encounters the Spider Society, a team of Spider-People charged with protecting the Multiverse's very existence. But when the heroes clash on how to handle a new threat, Miles finds himself pitted against the other Spiders and must set out on his own to save those he loves most.","2023-05-31",53.3371,8.351,9317,"16,28,12,878"
860508,"The Whisper Man","When his young son vanishes, a widower enlists help from his estranged father, a retired detective who put away the serial killer now linked to the case.","2026-08-27",46.5545,6.9,820,"80,18,53"
1384216,"The Dog Stars","After the world's population has been ravaged by a pandemic, a man lives a lonesome existence in a Colorado airplane hangar with his dog and a dour gunman he has befriended. When a mysterious transmission comes through on the radio while he’s flying his old Cessna, it sparks a hunt for the provenance of the sound.","2026-08-26",52.2684,6.6,294,"878,53,12"
1514682,"Above & Below","A group of friends set off for an unforgettable vacation. What begins as an adventure of partying and diving quickly turns into a nightmare when they are attacked by criminals in open waters.","2026-07-29",47.596,6.1,40,"53,80"
693134,"Dune: Part Two","Follow the mythic journey of Paul Atreides as he unites with Chani and the Fremen while on a path of revenge against the conspirators who destroyed his family. Facing a choice between the love of his life and the fate of the known universe, Paul endeavors to prevent a terrible future only he can foresee.","2024-02-27",53.7012,8.138,8640,"878,12"
1523145,"Your Heart Will Be Broken","High school student Polina is saved from bullying at her new school and makes a deal with the main bully Bars: he must pretend to be her boyfriend and protect her, and she must do everything he says. During this game, the couple develops real feelings, but her family and classmates have reasons to separate the lovers.","2026-03-26",48.5781,7.1,124,"10749"
205596,"The Imitation Game","Based on the real life story of legendary cryptanalyst Alan Turing, the film portrays the nail-biting race against time by Turing and his brilliant team of code-breakers at Britain's top-secret Government Code and Cypher School at Bletchley Park, during the darkest days of World War II.","2014-11-14",48.2568,7.979,18457,"36,18,53,10752"
120,"The Lord of the Rings: The Fellowship of the Ring","Young hobbit Frodo Baggins, after inheriting a mysterious ring from his uncle Bilbo, must leave his home in order to keep it from falling into the hands of its evil creator. Along the way, a fellowship is formed to protect the ringbearer and make sure that the ring arrives at its final destination: Mt. Doom, the only place where it can be destroyed.","2001-12-18",52.2867,8.446,28444,"12,14,28"
454639,"Masters of the Universe","After being separated for 15 years, the Sword of Power leads Prince Adam back to Eternia, where he discovers his home shattered under the fiendish rule of Skeletor. To save his family and his world, Adam must join forces with his closest allies, Teela and Duncan/Man-At-Arms, and embrace his true destiny as He-Man — the most powerful man in the universe.","2026-06-03",48.1439,7.1,2183,"28,14,878"
1327819,"Hoppers","Scientists have discovered how to 'hop' human consciousness into lifelike robotic animals, allowing people to communicate with animals as animals. Animal lover Mabel seizes an opportunity to use the technology, uncovering mysteries within the animal world beyond anything she could have imagined.","2026-03-04",47.3208,8.1,2380,"12,16,35,10751,878"
603,"The Matrix","Set in the 22nd century, The Matrix tells the story of a computer hacker who joins a group of underground insurgents fighting the vast and powerful computers who now rule the earth.","1999-03-31",51.0605,8.26,28831,"28,878"
1234821,"Jurassic World Rebirth","Five years after the events of Jurassic World Dominion, covert operations expert Zora Bennett is contracted to lead a skilled team on a top-secret mission to secure genetic material from the world's three most massive dinosaurs. When Zora's operation intersects with a civilian family whose boating expedition was capsized, they all find themselves stranded on an island where they come face-to-face with a sinister, shocking discovery that's been hidden from the world for decades.","2025-06-23",46.9829,6.257,3796,"878,12,28"
1058424,"Hope","In the remote South Korean village of Hope Harbor, police chief Bum-seok and officer Sung-ae are called to investigate a mysterious creature wreaking havoc on the community. But all is not as it seems, and perceptions can be misleading. What begins as ignorance plants the seed of disaster, escalating through human conflict into a tragedy of cosmic proportions.","2026-07-15",50.8935,7.242,97,"878,9648,28"
10138,"Iron Man 2","With the world now aware of his dual life as the armored superhero Iron Man, billionaire inventor Tony Stark faces pressure from the government, the press and the public to share his technology with the military. Unwilling to let go of his invention, Stark, with Pepper Potts and James 'Rhodey' Rhodes at his side, must forge new alliances – and confront powerful enemies.","2010-04-28",50.6048,6.9,22967,"12,28,878"
1386238,"Black Gold","Ramiro meets Damián again after years without seeing each other. Damián always has some shady business going on. This time he wants to go in a search of a certain treasure hidden in an abandoned convent. Lara, Ramiro's girlfriend, doesn't trust Damián and decides to accompany them. What they don't know is that taking that thing from there could unleash a curse that will haunt them forever, unless they return it just as they found it.","2024-12-06",40.7849,3,1,"27"
1685882,"Modha Rathri","Two strangers are brought together at an unusual wedding where, in one night, too many surprises unfold and several lies are told, spiraling into chaos that changes everything.","2026-08-21",40.6251,7.9,9,"10749,35"
863,"Toy Story 2","Andy heads off to Cowboy Camp, leaving his toys to their own devices. Things shift into high gear when an obsessive toy collector named Al McWhiggen, owner of Al's Toy Barn kidnaps Woody. Andy's toys mount a daring rescue mission, Buzz Lightyear meets his match and Woody has to decide where he and his heart truly belong.","1999-10-30",49.2977,7.623,15408,"16,35,10751"
4935,"Howl's Moving Castle","Sophie, a young milliner, is turned into an elderly woman by a witch who enters her shop and curses her. She encounters a wizard named Howl and gets caught up in his resistance to fighting for the king.","2004-09-09",50.5342,8.387,11493,"14,16,12"
872585,"Oppenheimer","The story of J. Robert Oppenheimer's role in the development of the atomic bomb during World War II.","2023-07-19",49.8028,8.022,12572,"18,36"
24858,"Eternity and a Day","Famous writer Alexander contracts a terminal illness. He receives a letter from his wife describing a summer day 30 years ago, and leaves his seaside home to remember his past. This journey will allow him to wander between the past and the present, and encounter unexpected people, allowing him to collect unforgettable memories in the final moments of his life.","1998-10-23",41.8108,7.8,224,"18"
19995,"Avatar","In the 22nd century, a paraplegic Marine is dispatched to the moon Pandora on a unique mission, but becomes torn between following orders and protecting an alien civilization.","2009-12-16",46.4611,7.61,34743,"878,28,12"
1110034,"Kraken","A marine biologist is doing research on a fish farm when she encounters several strange occurrences. Along with the brutal deaths of two teenagers, all signs point to the deep fjord; can there be more to the depths than the eye can see?","2026-02-06",43.1708,6.2,338,"27,28,53"
672,"Harry Potter and the Chamber of Secrets","Cars fly, trees fight back, and a mysterious house-elf comes to warn Harry Potter at the start of his second year at Hogwarts. Adventure and danger await when bloody writing on a wall announces: The Chamber Of Secrets Has Been Opened. To save Hogwarts will require all of Harry, Ron and Hermione's magical abilities and courage.","2002-11-13",45.858,7.708,24132,"12,14"
76341,"Mad Max: Fury Road","An apocalyptic story set in the furthest reaches of our planet, in a stark desert landscape where humanity is broken, and most everyone is crazed fighting for the necessities of life. Within this world exist two rebels on the run who just might be able to restore order.","2015-05-13",45.1686,7.639,24681,"28,12,878"
550,"Fight Club","A ticking-time-bomb insomniac and a slippery soap salesman channel primal male aggression into a shocking new form of therapy. Their concept catches on, with underground ""fight clubs"" forming in every town, until an eccentric gets in the way and ignites an out-of-control spiral toward oblivion.","1999-10-15",47.1043,8.437,32938,"18,53"
126889,"Alien: Covenant","The crew of the colony ship Covenant, bound for a remote planet on the far side of the galaxy, discovers what they think is an uncharted paradise but is actually a dark, dangerous world.","2017-05-09",52.8625,6.189,9699,"27,878"
674,"Harry Potter and the Goblet of Fire","When his name emerges from the Goblet of Fire, Harry Potter becomes a competitor in a grueling battle for glory among three wizarding schools. Signs of Voldemort's return emerge as Harry's friends help him prepare for the Triwizard Tournament.","2005-11-16",44.3438,7.802,22682,"12,14"
680,"Pulp Fiction","A burger-loving hit man, his philosophical partner, a drug-addled gangster's moll and a washed-up boxer converge in this sprawling, comedic crime caper. Their adventures unfurl in three stories that ingeniously trip back and forth in time.","1994-09-10",45.3711,8.48,30967,"53,80,35"
438631,"Dune","Paul Atreides, a brilliant and gifted young man born into a great destiny beyond his understanding, must travel to the most dangerous planet in the universe to ensure the future of his family and his people. As malevolent forces explode into conflict over the planet's exclusive supply of the most precious resource in existence - a commodity capable of unlocking humanity's greatest potential - only those who can conquer their fear will survive.","2021-09-15",51.8946,7.784,15613,"878,12"
673,"Harry Potter and the Prisoner of Azkaban","Harry Potter's life is in danger once more as dangerous wizard Sirius Black has escaped from Azkaban Prison and is heading to Hogwarts.","2004-05-31",43.6241,8.012,23694,"12,14"
361743,"Top Gun: Maverick","After more than thirty years of service as one of the Navy’s top aviators, and dodging the advancement in rank that would ground him, Pete “Maverick” Mitchell finds himself training a detachment of TOP GUN graduates for a specialized mission the likes of which no living pilot has ever seen.","2022-05-21",45.264,8.158,11616,"28,18"
1302904,"Practical Magic 2","The Owens sisters must confront the dark curse that threatens to unravel their family once and for all.","2026-09-09",55.6369,6.207,94,"10749,14,35"
1439930,"The Punisher: One Last Kill","As Frank Castle searches for meaning beyond revenge, an unexpected force pulls him back into the fight.","2026-05-12",43.2761,8.3,2277,"28,18,80"
1641580,"The Last Assassins","After her father is murdered, a young warrior known as “The Kid” and her guardian cross a violent dystopian future in search of the aunt she has never met. The world is trapped in permanent winter and shrouded in deadly fog, and Nobel is bound by an oath to protect the few remaining members of her family. Their journey leads them to an abandoned laboratory, where holograms reveal secrets from the family’s past. But as the boundary between the digital and physical worlds begins to collapse, the young woman may hold the key to what comes next.","2026-07-21",37.826,6,6,"878,12,53,28"
1329016,"Tony","A 19-year-old Anthony Bourdain travels to Provincetown and stumbles into the chaotic world of a restaurant kitchen, setting off a summer that will shape the course of his life.","2026-08-07",43.6105,7.564,109,"18,35"
1314481,"The Devil Wears Prada 2","Andy Sachs returns to Runway as Miranda Priestly navigates a new media landscape and Runway's position within. The duo reconnect with former assistant Emily Charlton, now the head of a luxury brand that possesses funding which could ensure Runway's survival.","2026-04-29",39.3593,7.045,2374,"35,18"
895954,"母女汽车中心","Yeon Ja, a working mother, runs a car center after divorce and is raising her daughter all by herself. Her daughter, Ah Jung, started helping her when she became an adult, however, the customers don't trust weak-looking women to touch machines and the business at the car center is slow. Thanks to Ah Jung's punk boyfriend, Sung Hoon, they came up with an idea to turn the car center into a sexy car center.","2021-01-01",41.4915,4,1,"10749"
911430,"F1","Racing legend Sonny Hayes is coaxed out of retirement to lead a struggling Formula 1 team—and mentor a young hotshot driver—while chasing one more chance at glory.","2025-06-25",45.0374,7.828,4738,"28,18"
26827,"Who's That Girl","An uptight New York City tax lawyer gets his life turned upside down one day when he's asked to escort a feisty free-spirited ex-convict who asks him to help prove her innocence of her crime.","1987-08-07",33.2709,5.5,263,"35,10749"
557,"Spider-Man","After being bitten by a genetically altered spider at Oscorp, nerdy but endearing high school student Peter Parker is endowed with amazing powers to become the superhero known as Spider-Man.","2002-05-01",42.6778,7.356,21491,"28,878"
843352,"Legend of the White Dragon","Forced to hide in the shadows, fugitive hero Erik Reed must clear his name to reunite with his family. Standing in his way is a mysterious villain obsessed with destroying the White Dragon for good.","2026-08-28",44.5513,6.115,13,"28,14"
377670,"Chapo: El Escape Del Siglo","A famous drug kingpin escapes from prison. The mexican president wants him back in jail whereas the U.S. government wants him dead.","2016-01-15",38.5556,5.5,31,"53,28,12,80"
950028,"The Invite","Joe and Angela's marriage is on thin ice. When they invite their enigmatic upstairs neighbors for a dinner party, the night spirals into unexpected places. Have they reignited the spark or lit the match that burns it all down?","2026-06-25",42.9921,7.2,669,"35,18,10749"
1368166,"The Housemaid","Trying to escape her past, Millie Calloway accepts a job as a live-in housemaid for the wealthy Nina and Andrew Winchester. But what begins as a dream job quickly unravels into something far more dangerous—a sexy, seductive game of secrets, scandal, and power.","2025-12-18",42.5057,7.255,3137,"9648,53"
161,"Ocean's Eleven","Less than 24 hours into his parole, charismatic thief Danny Ocean is already rolling out his next plan: In one night, Danny's hand-picked crew of specialists will attempt to steal more than $150 million from three Las Vegas casinos. But to score the cash, Danny risks his chances of reconciling with ex-wife, Tess.","2001-12-07",41.1824,7.465,12938,"53,80"
1290821,"Shelter","A man living in self-imposed exile on a remote island rescues a young girl from a violent storm, setting off a chain of events that forces him out of seclusion to protect her from enemies tied to his past.","2026-01-28",37.6577,7.8,1915,"28,80,53"
64437,"L'été en pente douce","When he inherits the family house and property after his mother's death, aspiring novelist Fane returns home with his bimbo girlfriend Lilas. He must care for his idiot brother Mo and contend with a greedy garage owner who covets Fane's property to expand his business. When efforts to buy the property are fruitless, the mechanic incites the townsfolk against the strange trio.","1987-04-29",34.227,6.5,70,"18,10749"
1723013,"Hibla 2","Two VMX queens, Aliya Raymundo and Margaret Diaz, play reunited childhood friends who share a memorable past and a complicated present: one is a liberated city girl, the other a sheltered country virgin, and both are surrounded by men eager to get a taste of their youth.","2026-06-30",44.9715,3,1,"18"
803796,"KPop Demon Hunters","When K-pop superstars Rumi, Mira and Zoey aren't selling out stadiums, they're using their secret powers to protect their fans from supernatural threats.","2025-06-20",39.8148,7.994,3234,"14,10402,35,16"
1495,"Kingdom of Heaven","After his wife dies, a blacksmith named Balian is thrust into royalty, political intrigue and bloody holy wars during the Crusades.","2005-05-03",42.8768,7.091,5259,"18,28,12,36,10752"
218,"The Terminator","In the post-apocalyptic future, reigning tyrannical supercomputers teleport a cyborg assassin known as the ""Terminator"" back to 1984 to kill Sarah Connor, whose unborn son is destined to lead insurgents against 21st century mechanical hegemony. Meanwhile, the human-resistance movement dispatches a lone warrior to safeguard Sarah. Can he stop the virtually indestructible killing machine?","1984-10-26",40.3703,7.696,15192,"28,53,878"
414906,"The Batman","In his second year of fighting crime, Batman uncovers corruption in Gotham City that connects to his own family while facing a serial killer known as the Riddler.","2022-03-01",42.9622,7.67,12579,"80,9648,53"
354912,"Coco","Despite his family’s baffling generations-old ban on music, Miguel dreams of becoming an accomplished musician like his idol, Ernesto de la Cruz. Desperate to prove his talent, Miguel finds himself in the stunning and colorful Land of the Dead following a mysterious chain of events. Along the way, he meets charming trickster Hector, and together, they set off on an extraordinary journey to unlock the real story behind Miguel's family history.","2017-10-27",42.2499,8.197,21449,"10751,16,10402,12"
138843,"The Conjuring","Paranormal investigators Ed and Lorraine Warren work to help a family terrorized by a dark presence in their farmhouse. Forced to confront a powerful entity, the Warrens find themselves caught in the most terrifying case of their lives.","2013-07-18",41.5462,7.541,13109,"27,53"
1265609,"War Machine","On one last grueling mission during Army Ranger training, a combat engineer must lead his unit in a fight against a giant otherworldly killing machine.","2026-02-12",38.9602,7.496,2528,"28,878,53"
14836,"Coraline","Wandering her rambling old house in her boring new town, 11-year-old Coraline discovers a hidden door to a strangely idealized version of her life. In order to stay in the fantasy, she must make a frighteningly real sacrifice.","2009-02-05",40.6914,7.94,9470,"16,10751,14,27"
1010581,"My Fault","Noah must leave her city, boyfriend, and friends to move into William Leister's mansion, the flashy and wealthy husband of her mother Rafaela. As a proud and independent 17 year old, Noah resists living in a mansion surrounded by luxury. However, it is there where she meets Nick, her new stepbrother, and the clash of their strong personalities becomes evident from the very beginning.","2023-06-08",41.1618,7.7,4197,"18,10749,53"
1007757,"Swapped","A small woodland creature and a majestic bird, two natural sworn enemies of the Valley, magically trade places and set off on an adventure of a lifetime to switch back. Their journey soon uncovers a greater threat—one that could endanger not only their species, but the entire valley they call home.","2026-05-01",42.0856,8.865,2211,"12,16,10751,14"
8587,"The Lion King","Young lion prince Simba, eager to one day become king of the Pride Lands, grows up under the watchful eye of his father Mufasa; all the while his villainous uncle Scar conspires to take the throne for himself. Amid betrayal and tragedy, Simba must confront his past and find his rightful place in the Circle of Life.","1994-06-15",41.0068,8.251,20195,"16,10751,18"
39254,"Real Steel","Charlie Kenton is a washed-up fighter who retired from the ring when robots took over the sport. After his robot is trashed, he reluctantly teams up with his estranged son to rebuild and train an unlikely contender.","2011-09-28",40.2272,7.15,9590,"28,878,18"
131631,"The Hunger Games: Mockingjay - Part 1","After surviving the Quarter Quell, Katniss finds herself in the hidden stronghold of District 13, where the rebellion against the Capitol is gaining momentum. Struggling with the weight of becoming the symbol of resistance, she must navigate fragile alliances while trying to protect those she loves. As propaganda battles rage and Panem moves closer to full-scale war, Katniss is forced to confront the true cost of revolution.","2014-11-19",40.7211,6.813,17044,"878,12,53"
68718,"Django Unchained","With the help of a German bounty hunter, a freed slave sets out to rescue his wife from a brutal Mississippi plantation owner.","2012-12-25",39.1739,8.193,28670,"18,37"
121,"The Lord of the Rings: The Two Towers","Frodo Baggins and the other members of the Fellowship continue on their sacred quest to destroy the One Ring--but on separate paths. Their destinies lie at two towers--Orthanc Tower in Isengard, where the corrupt wizard Saruman awaits, and Sauron's fortress at Barad-dur, deep within the dark lands of Mordor.","2002-12-18",40.6218,8.429,24648,"12,14,28"
76600,"Avatar: The Way of Water","Set more than a decade after the events of the first film, learn the story of the Sully family (Jake, Neytiri, and their kids), the trouble that follows them, the lengths they go to keep each other safe, the battles they fight to stay alive, and the tragedies they endure.","2022-12-14",40.4615,7.583,14689,"28,12,878"
10588,"The Cat in the Hat","During a rainy day, and while their mother is out, Conrad and Sally, and their pet fish, are visited by the mischievous Cat in the Hat. Fun soon turns to mayhem, and the siblings must figure out how to rid themselves of the maniacal Cat.","2003-11-21",37.1476,5.4,1896,"14,12,10751,35"
99861,"Avengers: Age of Ultron","When Tony Stark tries to jumpstart a dormant peacekeeping program, things go awry and Earth’s Mightiest Heroes are put to the ultimate test as the fate of the planet hangs in the balance. As the villainous Ultron emerges, it is up to The Avengers to stop him from enacting his terrible plans, and soon uneasy alliances and unexpected action pave the way for an epic and unique global adventure.","2015-04-22",45.12,7.278,25085,"28,12,878"
242,"The Godfather Part III","In the midst of trying to legitimize his business dealings in 1979 New York and Italy, aging mafia don, Michael Corleone seeks forgiveness for his sins while taking a young protege under his wing.","1990-12-25",42.041,7.416,7083,"80,18,53"
597,"Titanic","101-year-old Rose DeWitt Bukater tells the story of her life aboard the Titanic, 84 years later. A young Rose boards the ship with her mother and fiancé. Meanwhile, Jack Dawson and Fabrizio De Rossi win third-class tickets aboard the ship. Rose tells the whole story from Titanic's departure through to its death—on its first and last voyage—on April 15, 1912.","1997-12-18",41.0202,7.9,27809,"18,10749"
1061474,"Superman","Superman, a journalist in Metropolis, embarks on a journey to reconcile his Kryptonian heritage with his human upbringing as Clark Kent.","2025-07-09",41.7568,7.321,5522,"878,12,28"
6435,"Practical Magic","Sally and Gillian Owens, born into a magical family, have mostly avoided witchcraft themselves. But when Gillian's vicious boyfriend, Jimmy Angelov, dies unexpectedly, the Owens sisters give themselves a crash course in hard magic. With policeman Gary Hallet growing suspicious, the girls struggle to resurrect Angelov -- and unwittingly inject his corpse with an evil spirit that threatens to end their family line.","1998-10-16",36.7703,6.816,1988,"10749,14,35"
862,"Toy Story","Led by Woody, Andy's toys live happily in his room until Andy's birthday brings Buzz Lightyear onto the scene. Afraid of losing his place in Andy's heart, Woody plots against Buzz. But when circumstances separate Buzz and Woody from their owner, the duo eventually learns to put aside their differences.","1995-11-22",39.9789,7.99,20586,"10751,35,16,12"
10681,"WALL·E","After hundreds of years doing what he was built for, WALL•E— a robot designed to clean up the earth—discovers a new purpose in life when he meets a sleek search robot named EVE. EVE comes to realize that WALL•E has inadvertently stumbled upon the key to the planet's future, and races back to space to report to the humans. Meanwhile, WALL•E chases EVE across the galaxy and sets into motion one of the most imaginative adventures ever brought to the big screen.","2008-06-26",37.6042,8.125,20931,"16,10751,878"
385687,"Fast X","Over many missions and against impossible odds, Dom Toretto and his family have outsmarted, out-nerved and outdriven every foe in their path. Now, they confront the most lethal opponent they've ever faced: A terrifying threat emerging from the shadows of the past who's fueled by blood revenge, and who is determined to shatter this family and destroy everything—and everyone—that Dom loves, forever.","2023-05-17",41.3846,6.978,6516,"28,80,53"
1333273,"Dangerous Sister in law","","2021-07-23",21.6923,4,1,"18"
1297842,"GOAT","A small goat with big dreams gets a once-in-a-lifetime shot to join the pros and play roarball, a high-intensity, co-ed, full-contact sport dominated by the fastest, fiercest animals in the world.","2026-02-11",35.3313,8.049,1105,"16,35,10751"
447365,"Guardians of the Galaxy Vol. 3","Peter Quill, still reeling from the loss of Gamora, must rally his team around him to defend the universe along with protecting one of their own. A mission that, if not completed successfully, could quite possibly lead to the end of the Guardians as we know them.","2023-05-03",39.7631,7.933,8872,"878,12,28"
129,"Spirited Away","A young girl, Chihiro, becomes trapped in a strange new world of spirits. When her parents undergo a mysterious transformation, she must call upon the courage she never knew she had to free her family.","2001-07-20",41.7959,8.535,18962,"16,10751,14"
977942,"The Uprising","As war and plague devastate 14th-century England, a humble peasant ignites a rebellion, uniting an army of commoners to defy the King’s might in a desperate fight for justice and survival.","2026-09-10",39.5501,7.2,18,"28,36,18"
1433583,"The Weight","When Samuel is torn from his daughter and sent to a brutal prison, Warden Clancy offers him a high-stakes proposition: smuggle gold out of a remote mine with a dangerous crew of prisoners and he’ll win his freedom.","2026-09-16",44.5627,6.882,34,"18,53,80"
1022789,"Inside Out 2","Teenager Riley's mind headquarters is undergoing a sudden demolition to make room for something entirely unexpected: new Emotions! Joy, Sadness, Anger, Fear and Disgust, who’ve long been running a successful operation by all accounts, aren’t sure how to feel when Anxiety shows up. And it looks like she’s not alone.","2024-06-11",38.4707,7.54,7015,"16,12,35,10751"
1304313,"Lee Cronin's The Mummy","The young daughter of a journalist disappears into the desert without a trace—eight years later, the broken family is shocked when she is returned to them, as what should be a joyful reunion turns into a living nightmare.","2026-04-15",34.7693,7.847,2730,"27,9648"
1514026,"Buddy","A magical, singing orange unicorn holds his cast hostage in a surreal TV-show dimension, as he becomes more and more demented.","2026-08-27",40.7138,7.868,68,"27,35,14"
1241982,"Moana 2","After receiving an unexpected call from her wayfinding ancestors, Moana journeys alongside Maui and a new crew to the far seas of Oceania and into dangerous, long-lost waters for an adventure unlike anything she's ever faced.","2024-11-21",36.2534,7,3302,"12,16,35,10751,14"
324857,"Spider-Man: Into the Spider-Verse","Struggling to find his place in the world while juggling school and family, Brooklyn teenager Miles Morales is unexpectedly bitten by a radioactive spider and develops unfathomable powers just like the one and only Spider-Man. While wrestling with the implications of his new abilities, Miles discovers a super collider created by the madman Wilson ""Kingpin"" Fisk, causing others from across the Spider-Verse to be inadvertently transported to his dimension.","2018-12-06",37.7425,8.401,17932,"16,28,12,878"
1242898,"Predator: Badlands","Cast out from his clan, a young Predator finds an unlikely ally in a damaged android and embarks on a treacherous journey in search of the ultimate adversary.","2025-11-05",37.3911,7.84,3719,"28,878,12"
58,"Pirates of the Caribbean: Dead Man's Chest","Captain Jack Sparrow’s got a blood debt to pay: he owes his soul to the legendary Davy Jones, ghastly Ruler of the Ocean Depths. To escape eternal servitude aboard the Flying Dutchman, ever-crafty Jack must track down the still-beating heart of Jones. But he won’t do it alone: Will Turner and Elizabeth Swann are drawn back into another one of his perilous quests—assuming they can evade execution for aiding a pirate.","2006-07-06",37.959,7.39,17636,"12,14,28"
931285,"Mortal Kombat II","The fan favorite champions—now joined by Johnny Cage himself—are pitted against one another in the ultimate, no-holds barred, gory battle to defeat the dark rule of Shao Kahn that threatens the very existence of the Earthrealm and its defenders.","2026-05-06",37.9926,7.796,2634,"28,14,12"
1265,"Bridge to Terabithia","Jesse Aarons trained all summer to become the fastest runner in school. So he's very upset when newcomer Leslie Burke outruns him and everyone else. Despite this and other differences including that she's rich, he's poor, she's a city girl, and he's a country boy the two become fast friends. Together they create Terabithia, a land of monsters, trolls, ogres, and giants where they rule as king and queen.","2007-02-15",37.0607,7.354,5490,"12,18,10751"
98,"Gladiator","After the death of Emperor Marcus Aurelius, his devious son takes power and demotes Maximus, one of Rome's most capable generals who Marcus preferred. Eventually, Maximus is forced to become a gladiator and battle to the death against other men for the amusement of paying audiences.","2000-05-04",37.8146,8.23,21565,"28,18,12"
1288059,"I Want Your Sex","When a naive young man becomes the sexual muse for a renowned and provocative artist, his dream job quickly turns dangerous as he is drawn into an obsessive world of power, betrayal, and murder.","2026-07-29",37.1145,6.1,89,"35"
976912,"Graphic Desires","When reclusive Franklin cheats on his partner with a mysterious girl he meets on a dating app, it becomes the start of a deadly obsession.","2023-08-31",36.4265,6.9,154,"53,80"
617126,"The Fantastic 4: First Steps","Against the vibrant backdrop of a 1960s-inspired, retro-futuristic world, Marvel's First Family is forced to balance their roles as heroes with the strength of their family bond, while defending Earth from a ravenous space god called Galactus and his enigmatic Herald, Silver Surfer.","2025-07-23",38.1515,6.942,3925,"878,12,28"
390062,"Jungle","In 1981, an enthusiastic young adventurer follows his dreams into the Bolivian Amazon jungle with two friends and a guide with a mysterious past. Their journey quickly turns into a terrifying ordeal as the darkest elements of human nature and the deadliest threats of the wilderness lead to an all-out fight for survival.","2017-06-27",36.6653,6.733,2298,"12,53"
315635,"Spider-Man: Homecoming","Following the events of Captain America: Civil War, Peter Parker, with the help of his mentor Tony Stark, tries to balance his life as an ordinary high school student in Queens, New York City, with fighting crime as his superhero alter ego Spider-Man as a new threat, the Vulture, emerges.","2017-07-05",37.8719,7.333,23969,"28,12,878"
986056,"Thunderbolts*","After finding themselves ensnared in a death trap, seven disillusioned castoffs must embark on a dangerous mission that will force them to confront the darkest corners of their pasts.","2025-04-30",37.655,7.295,4102,"28,878,12"
1726,"Iron Man","After being held captive in an Afghan cave, billionaire engineer Tony Stark creates a unique weaponized suit of armor to fight evil.","2008-04-30",37.8849,7.666,28878,"28,878,12"
12,"Finding Nemo","Nemo, an adventurous young clownfish, is unexpectedly taken from his Great Barrier Reef home to a dentist's office aquarium. It's up to his worrisome father Marlin and a friendly but forgetful fish Dory to bring Nemo home -- meeting vegetarian sharks, surfer dude turtles, hypnotic jellyfish, hungry seagulls, and more along the way.","2003-05-30",37.4962,7.822,21028,"16,10751,12"
575265,"Mission: Impossible - The Final Reckoning","Ethan Hunt and team continue their search for the terrifying AI known as the Entity — which has infiltrated intelligence networks all over the globe — with the world's governments and a mysterious ghost from Hunt's past on their trail. Joined by new allies and armed with the means to shut the Entity down for good, Hunt is in a race against time to prevent the world as we know it from changing forever.","2025-05-17",37.0767,7.176,3187,"28,53,12"
1122573,"In the Grey","A covert team of elite operatives are living in the shadows. When a ruthless despot steals a billion-dollar fortune, they're sent to take it back—an impossible heist that erupts into a deadly game of strategy, deception and survival.","2026-05-13",35.1209,7.559,1047,"28,53"
939243,"Sonic the Hedgehog 3","Sonic, Knuckles, and Tails reunite against a powerful new adversary, Shadow, a mysterious villain with powers unlike anything they have faced before. With their abilities outmatched in every way, Team Sonic must seek out an unlikely alliance in hopes of stopping Shadow and protecting the planet.","2024-12-19",36.7195,7.6,3477,"28,878,35,10751"
912649,"Venom: The Last Dance","Eddie and Venom are on the run. Hunted by both of their worlds and with the net closing in, the duo are forced into a devastating decision that will bring the curtains down on Venom and Eddie's last dance.","2024-10-22",37.7325,6.67,4558,"878,28,12"
933260,"The Substance","A fading celebrity decides to use a black market drug, a cell-replicating substance that temporarily creates a younger, better version of herself.","2024-09-07",37.3571,7.136,6516,"27,878"
244786,"Whiplash","Under the direction of a ruthless instructor, a talented young drummer begins to pursue perfection at any cost, even his humanity.","2014-10-10",36.8739,8.4,17147,"18,10402,53"
71578,"Desnudos","A gentle artist contends with his cheating girlfriend, and an innocent girl longs to break free from an abusive relationship. When fate brings these two lovelorn people together, true love finally blossoms.","2004-10-22",32.5903,3.9,13,"18,10749"
675,"Harry Potter and the Order of the Phoenix","When a new professor's methods leave Hogwarts unprepared to fight the rising tide of evil, Harry teaches students how to defend against the dark arts.","2007-07-08",35.4666,7.673,21266,"12,14"
1525963,"Debtor’s Wife","Soo-yeong and Hae-soo are college friends stuck in a love tangle: Soo-yeong likes Che-moo, but Che-moo likes Hae-soo. Meanwhile, Hae-soo likes Dae-in, but Dae-in likes Soo-yeong. Despite the mixed-up feelings, they end up in mismatched marriages. Later, Hae-soo wants to have a baby and tries to get closer to her husband, Dae-in. But Dae-in knows he can’t have children, so he secretly makes a surprising proposal to Soo-yeong’s husband, Che-moo.","2024-12-26",35.3102,0,0,""
497,"The Green Mile","A supernatural tale set on death row in a Southern prison, where gentle giant John Coffey possesses the mysterious power to heal people's ailments. When the cell block's head guard, Paul Edgecomb, recognizes Coffey's miraculous gift, he tries desperately to help stave off the condemned man's execution.","1999-12-10",37.374,8.5,19870,"14,18,80"
496243,"Parasite","All unemployed, Ki-taek's family takes peculiar interest in the wealthy and glamorous Parks for their livelihood until they get entangled in an unexpected incident.","2019-05-30",40.4062,8.49,21392,"35,53,18"
767,"Harry Potter and the Half-Blood Prince","Dumbledore tries to prepare Harry for the final battle with Voldemort while Death Eaters wreak havoc in both Muggle and Wizard worlds.","2009-07-15",36.2141,7.682,21231,"12,14"
1233413,"Sinners","Trying to leave their troubled lives behind, twin brothers return to their hometown to start again, only to discover that an even greater evil is waiting to welcome them back.","2025-04-16",36.5007,7.5,5233,"27,28,53"
210577,"Gone Girl","With his wife's disappearance having become the focus of an intense media circus, a man sees the spotlight turned on him when it's suspected that he may not be innocent.","2014-10-01",35.112,7.89,20465,"9648,53,18"
1168190,"The Wrecking Crew","Estranged half-brothers Jonny and James reunite after their father's mysterious death. As they search for the truth, buried secrets reveal a conspiracy threatening to tear their family apart.","2026-01-28",34.0936,7.1,1291,"28,35,80,9648"
1078605,"Weapons","When all but one child from the same class mysteriously vanish on the same night at exactly the same time, a community is left questioning who or what is behind their disappearance.","2025-08-04",35.3326,7.264,4010,"27,9648"
105,"Back to the Future","Eighties teenager Marty McFly is accidentally sent back in time to 1955, inadvertently disrupting his parents' first meeting and attracting his mother's romantic interest. Marty must repair the damage to history by rekindling his parents' romance and - with the help of his eccentric inventor friend Doc Brown - return to 1985.","1985-07-03",36.2189,8.33,22469,"12,35,878"
1154538,"Nirvanna the Band the Show the Movie","When their plan to book a show at the Rivoli goes horribly wrong, Matt and Jay accidentally travel back to the year 2008.","2026-02-02",29.758,7.6,135,"35,878,12"
1428226,"Until the End of the World","Manuel's life is upended when Esmeralda, his lost love from 15 years ago, calls unexpectedly. Despite being set to marry another, he rediscovers Esmeralda, and they realize their love transcends time.","2026-07-23",33.2799,7.872,86,"18"
13,"Forrest Gump","A man with a low IQ has accomplished great things in his life and been present during significant historic events—in each case, far exceeding what anyone imagined he could do. But despite all he has achieved, his one true love eludes him.","1994-06-23",36.0453,8.461,30542,"35,18,10749"
12445,"Harry Potter and the Deathly Hallows: Part 2","Harry, Ron and Hermione continue their quest to vanquish the evil Voldemort once and for all. Just as things begin to look hopeless for the young wizards, Harry discovers a trio of magical objects that endow him with powers to rival Voldemort's formidable skills.","2011-07-12",35.6928,8.1,22491,"12,14"
28322,"Madness","An escaped convicted murderer invades the cottage of a man, his wife and the wife's sister, whereupon he proceeds to torment this already dysfunctional trio with rape and violence.","1980-03-20",49.3253,5.2,35,"53,28,80"
1727780,"Borderline","Convinced they are our secret saviors, rogue U.S. operatives abduct Mexican gang members and seed them across major American cities, unleashing criminal chaos, swaying voters by playing on nativist prejudices, and forcing law enforcement into a race to expose the plot as the escalating carnage threatens democracy itself.","2026-07-17",31.3885,6,16,"53"
49013,"Cars 2","Star race car Lightning McQueen and his pal Mater head overseas to compete in the World Grand Prix race. But the road to the championship becomes rocky as Mater gets caught up in an intriguing adventure of his own: international espionage.","2011-06-11",34.0992,6.2,8726,"16,10751,12,35"
948,"Halloween","Fifteen years after murdering his sister on Halloween Night 1963, Michael Myers escapes from a mental hospital and returns to the small town of Haddonfield, Illinois to kill again.","1978-10-24",37.691,7.558,6386,"27,53"
1171145,"Crime 101","When an elusive thief whose high-stakes heists unfold along the iconic 101 freeway in Los Angeles eyes the score of a lifetime, with hopes of this being his final job, his path collides with a disillusioned insurance broker who is facing her own crossroads. Determined to crack the case, a relentless detective closes in on the operation, raising the stakes even higher.","2026-02-11",35.7783,7.026,1384,"80,53"
3933,"Corpse Bride","In a 19th-century European village, a young man about to be married is whisked away to the underworld and wed to a mysterious corpse bride, while his real bride waits bereft in the land of the living.","2005-09-12",34.2728,7.59,10440,"10749,14,16"
950387,"A Minecraft Movie","Four misfits find themselves struggling with ordinary problems when they are suddenly pulled through a mysterious portal into the Overworld: a bizarre, cubic wonderland that thrives on imagination. To get back home, they'll have to master this world while embarking on a magical quest with an unexpected, expert crafter, Steve.","2025-03-31",37.4157,6.22,3314,"10751,14,35,12"
585,"Monsters, Inc.","Lovable Sulley and his wisecracking sidekick Mike Wazowski are the top scare team at Monsters, Inc., the scream-processing factory in Monstropolis. When a little girl named Boo wanders into their world, it's the monsters who are scared silly, and it's up to Sulley and Mike to keep her out of sight and get her back home.","2001-11-01",36.8966,7.857,20307,"16,35,10751,14"
840464,"Greenland 2: Migration","Having found the safety of the Greenland bunker after the comet Clarke decimated the Earth, the Garrity family must now risk everything to embark on a perilous journey across the wasteland of Europe to find a new home.","2026-01-07",34.567,6.364,1569,"12,53,878"
49026,"The Dark Knight Rises","Following the death of District Attorney Harvey Dent, Batman assumes responsibility for Dent's crimes to protect the late attorney's reputation and is subsequently hunted by the Gotham City Police Department. Eight years later, Batman encounters the mysterious Selina Kyle and the villainous Bane, a new terrorist leader who overwhelms Gotham's finest. The Dark Knight resurfaces to protect a city that has branded him an enemy.","2012-07-17",33.7107,7.797,25026,"28,80,18,53"
466272,"Once Upon a Time... in Hollywood","Los Angeles, 1969. TV star Rick Dalton, a struggling actor specializing in westerns, and stuntman Cliff Booth, his best friend, try to survive in a constantly changing movie industry. Dalton is the neighbor of the young and promising actress and model Sharon Tate, who has just married the prestigious Polish director Roman Polanski…","2019-07-24",32.8335,7.418,15312,"35,18,53"
976893,"Perfect Days","Hirayama is content with his life as a toilet cleaner in Tokyo. Outside of his structured routine, he cherishes music on cassette tapes, books, and taking photos of trees. Through unexpected encounters, he reflects on finding beauty in the world.","2023-11-10",33.4696,7.822,2081,"18"
1087192,"How to Train Your Dragon","On the rugged isle of Berk, where Vikings and dragons have been bitter enemies for generations, Hiccup stands apart, defying centuries of tradition when he befriends Toothless, a feared Night Fury dragon. Their unlikely bond reveals the true nature of dragons, challenging the very foundations of Viking society.","2025-06-06",34.2148,7.932,3144,"14,10751,28,12"
1318467,"The Last Kiss","Laurel always imagined her first kiss would be a fairy tale. Instead, that fantasy turns frightening when she's cursed with an ability to see the death of anyone she kisses. After a vision reveals her crush is doomed to die in a strange murder spree targeting her closest friends, she races to unmask the killer before the mystery becomes a massacre.","2026-09-15",29.9863,6.3,19,"27,9648,53"
315162,"Puss in Boots: The Last Wish","Puss in Boots discovers that his passion for adventure has taken its toll: He has burned through eight of his nine lives, leaving him with only one life left. Puss sets out on an epic journey to find the mythical Last Wish and restore his nine lives.","2022-12-07",32.8396,8.219,9259,"16,12,14,35,10751"
198663,"The Maze Runner","A teenager with no memory of his past finds himself among a group of boys living in a walled enclosure surrounded by a massive, ever-changing maze. As he struggles to adapt to their rules and society, he begins to uncover clues that may lead to escape and the truth behind their confinement.","2014-09-10",32.9729,7.19,18503,"28,9648,878,53"
1283515,"Verity","Lowen Ashleigh is hired by Jeremy Crawford to ghostwrite novels for his bestselling author wife Verity, who is unable to finish following an accident. Lowen gradually uncovers Verity's disturbing truths while residing at the Crawfords' home to work.","2026-09-30",34.6063,8,2,"9648,53"
10193,"Toy Story 3","Woody, Buzz, and the rest of Andy's toys haven't been played with in years. With Andy about to go to college, the gang find themselves accidentally left at a nefarious day care center. The toys must band together to escape and return home to Andy.","2010-06-16",34.0016,7.817,16282,"16,10751,35"
271110,"Captain America: Civil War","Following the events of Age of Ultron, the collective governments of the world pass an act designed to regulate all superhuman activity. This polarizes opinion amongst the Avengers, causing two factions to side with Iron Man or Captain America, which causes an epic battle between former allies.","2016-04-27",34.9545,7.454,24627,"12,28,878"
615777,"Babylon","A tale of outsized ambition and outrageous excess, tracing the rise and fall of multiple characters in an era of unbridled decadence and depravity during Hollywood's transition from silent films to sound films in the late 1920s.","2022-12-22",34.8537,7.34,3955,"18,35"
12444,"Harry Potter and the Deathly Hallows: Part 1","Harry, Ron and Hermione walk away from their last year at Hogwarts to find and destroy the remaining Horcruxes, putting an end to Voldemort's bid for immortality. But with Harry's beloved Dumbledore dead and Voldemort's unscrupulous Death Eaters on the loose, the world is more dangerous than ever.","2010-11-17",34.6067,7.7,20833,"12,14"
122917,"The Hobbit: The Battle of the Five Armies","Following Smaug's attack on Laketown, Bilbo and the dwarves try to defend Erebor's mountain of treasure from others who claim it: the men of the ruined Laketown and the elves of Mirkwood. Meanwhile an army of Orcs led by Azog the Defiler is marching on Erebor, fueled by the rise of the dark lord Sauron. Dwarves, elves and men must unite, and the hope for Middle-Earth falls into Bilbo's hands.","2014-12-10",36.565,7.338,15800,"28,12,14"
893723,"PAW Patrol: The Mighty Movie","A magical meteor crash lands in Adventure City and gives the PAW Patrol pups superpowers, transforming them into The Mighty Pups.","2023-09-21",34.2259,6.9,594,"12,16,35,10751,878"
11,"Star Wars","Princess Leia is captured and held hostage by the evil Imperial forces in their effort to take over the galactic Empire. Venturesome Luke Skywalker and dashing captain Han Solo team together with the loveable robot duo R2-D2 and C-3PO to rescue the beautiful princess and restore peace and justice in the Empire.","1977-05-25",34.3206,8.207,22928,"12,28,878"
106646,"The Wolf of Wall Street","A New York stockbroker refuses to cooperate in a large securities fraud case involving corruption on Wall Street, corporate banking world and mob infiltration. Based on Jordan Belfort's autobiography.","2013-12-25",33.7935,8.027,26611,"80,18,35"
389,"12 Angry Men","The defense and the prosecution have rested and the jury is filing into the jury room to decide if a young Spanish-American is guilty or innocent of murdering his father. What begins as an open and shut case soon becomes a mini-drama of each of the jurors' prejudices and preconceptions about the trial, the accused, and each other.","1957-04-10",34.5176,8.573,10415,"18"
9806,"The Incredibles","Bob Parr has given up his superhero days to log in time as an insurance adjuster and raise his three children with his formerly heroic wife in suburbia. But when he receives a mysterious assignment, it's time to get back into costume.","2004-10-27",33.4487,7.729,19345,"28,12,16,10751"
603692,"John Wick: Chapter 4","With the price on his head ever increasing, John Wick uncovers a path to defeating The High Table. But before he can earn his freedom, Wick must face off against a new enemy with powerful alliances across the globe and forces that turn old friends into foes.","2023-03-21",36.564,7.712,8344,"28,53,80"
1124142,"The Rivals of Amziah King","Deep within the backwoods of rural Oklahoma, charismatic and musically gifted Amziah King herds a bluegrass-playing band of misfits while overseeing the premier honey-making operation in town. But the honey game is ruthless, and Amziah's rivals threaten to destroy everything he's built.","2026-08-13",37.2755,6.78,100,"53,80,18"
240,"The Godfather Part II","In the continuing saga of the Corleone crime family, a young Vito Corleone grows up in Sicily and in 1910s New York. In the 1950s, Michael Corleone attempts to expand the family business into Las Vegas, Hollywood and Cuba.","1974-12-20",35.5734,8.573,14385,"18,80"
1930,"The Amazing Spider-Man","A teenage Peter Parker grapples with both high school and amazing super-human crises as his alter-ego Spider-Man.","2012-06-23",32.6092,6.763,19153,"28,12,878"
559,"Spider-Man 3","The seemingly invincible Spider-Man goes up against an all-new crop of villains—including the shape-shifting Sandman. While Spider-Man’s superpowers are altered by an alien organism, his alter ego, Peter Parker, deals with nemesis Eddie Brock and also gets caught up in a love triangle.","2007-05-01",32.0065,6.484,15818,"28,12,878"
285,"Pirates of the Caribbean: At World's End","After losing Captain Jack Sparrow to the locker of Davy Jones, Will Turner, Elizabeth Swann, and Captain Barbossa journey to the ends of the earth to rescue him. And as the East India Trading Company tightens its grip on the seas under Lord Cutler Beckett—now in control of Davy Jones—the fate of piracy hangs by a thread. Now, they must unite the pirate lords for one final stand. But as loyalties are tested and alliances shift, each must ultimately choose where they stand in the battle for freedom on the high seas.","2007-05-19",36.7069,7.278,15875,"12,14,28"
165,"Back to the Future Part II","Marty and Doc are at it again as the time-traveling duo head to 2015 to nip some McFly family woes in the bud. But things go awry thanks to bully Biff Tannen and a pesky sports almanac. In a last-ditch attempt to set things straight, Marty finds himself bound for 1955 and face to face with his teenage parents -- again.","1989-11-22",29.7903,7.784,14326,"12,35,878"
436969,"The Suicide Squad","Supervillains Harley Quinn, Bloodsport, Peacemaker and a collection of nutty cons at Belle Reve prison join the super-secret, super-shady Task Force X as they are dropped off at the remote, enemy-infused island of Corto Maltese.","2021-07-28",34.2446,7.443,9944,"28,35,12"
1380417,"By Any Means","In 1960s Mississippi, a young Black FBI agent is forced to partner with a notorious mafia hitman to investigate a wave of brutal civil rights murders.","2026-09-02",35.1976,7.6,23,"36,80,18"
177572,"Big Hero 6","A special bond develops between plus-sized inflatable robot Baymax, and prodigy Hiro Hamada, who team up with a group of friends to form a band of high-tech heroes.","2014-10-24",34.1716,7.725,16943,"12,10751,16,28,35"
808,"Shrek","It ain't easy bein' green -- especially if you're a likable (albeit smelly) ogre named Shrek. On a mission to retrieve a gorgeous princess from the clutches of a fire-breathing dragon, Shrek teams up with an unlikely compatriot -- a wisecracking donkey.","2001-05-18",33.5177,7.78,19366,"16,35,14,12,10751"
637649,"Wrath of Man","A cold and mysterious new security guard for a Los Angeles cash truck company surprises his co-workers when he unleashes precision skills during a heist. The crew is left wondering who he is and where he came from. Soon, the marksman's ultimate motive becomes clear as he takes dramatic and irrevocable steps to settle a score.","2021-04-22",32.3242,7.57,6322,"53,80,18"
1380291,"Tom Clancy's Jack Ryan: Ghost War","Jack Ryan is reluctantly pulled back into espionage when an international covert mission unravels a deadly conspiracy. Racing against time, he joins CIA allies Mike November & James Greer and sharp MI6 officer Emma Marlowe to battle a rogue black-ops unit in a high-stakes, deeply personal fight.","2026-05-20",29.8508,6.907,793,"28,53"
798645,"The Running Man","Desperate to save his sick daughter, working-class Ben Richards is convinced by The Running Man's charming but ruthless producer to enter the deadly competition game as a last resort. But Ben's defiance, instincts, and grit turn him into an unexpected fan favorite — and a threat to the entire system. As ratings skyrocket, so does the danger, and Ben must outwit not just the Hunters, but a nation addicted to watching him fall.","2025-11-11",31.9684,6.728,2010,"28,53,878"
466420,"Killers of the Flower Moon","When oil is discovered in 1920s Oklahoma under Osage Nation land, the Osage people are murdered one by one—until the FBI steps in to unravel the mystery.","2023-10-18",31.3258,7.392,4371,"80,36,18"
798645,"The Running Man","Desperate to save his sick daughter, working-class Ben Richards is convinced by The Running Man's charming but ruthless producer to enter the deadly competition game as a last resort. But Ben's defiance, instincts, and grit turn him into an unexpected fan favorite — and a threat to the entire system. As ratings skyrocket, so does the danger, and Ben must outwit not just the Hunters, but a nation addicted to watching him fall.","2025-11-11",31.9684,6.728,2009,"28,53,878"
466420,"Killers of the Flower Moon","When oil is discovered in 1920s Oklahoma under Osage Nation land, the Osage people are murdered one by one—until the FBI steps in to unravel the mystery.","2023-10-18",31.3258,7.392,4370,"80,36,18"
27449,"Baby Face","A young woman uses her body and her sexuality to help her climb the social ladder, but soon begins to wonder if her new status will ever bring her happiness.","1933-07-13",46.0586,7.242,163,"18"
280,"Terminator 2: Judgment Day","Ten years after the events of the original, a reprogrammed T-800 is sent back in time to protect young John Connor from the shape-shifting T-1000. Together with his mother Sarah, he fights to stop Skynet from triggering a nuclear apocalypse.","1991-07-03",34.7704,8.2,14921,"28,53,878"
866398,"The Beekeeper","One man's campaign for vengeance takes on national stakes after he is revealed to be a former operative of a powerful and clandestine organization known as Beekeepers.","2024-01-08",31.4081,7.281,4560,"28,80,53"
105864,"The Good Dinosaur","An epic journey into the world of dinosaurs where an Apatosaurus named Arlo makes an unlikely human friend.","2015-11-14",30.9642,6.8,6172,"12,16,10751"
1698863,"The Odyssey","Based on the Ancient Greek epic. After ten years of war, King Odysseus sets sail for Ithaca, eager to reunite with his beloved. But his journey home is far more treacherous than the battlefield, as he must face deadly monsters and vengeful gods to survive.","2026-07-03",30.0253,4.075,623,"12,14,28"
1301421,"The Sheep Detectives","George Hardy is a shepherd who reads detective novels to his beloved sheep every night, assuming they can't possibly understand. But when a mysterious incident disrupts life on the farm, the sheep realize they must become the detectives. As they follow the clues and investigate human suspects, they prove that even sheep can be brilliant crime-solvers.","2026-04-30",31.346,7.9,1730,"35,10751,9648"
453395,"Doctor Strange in the Multiverse of Madness","Doctor Strange, with the help of mystical allies both old and new, traverses the mind-bending and dangerous alternate realities of the Multiverse to confront a mysterious new adversary.","2022-05-04",32.7219,7.2,10893,"14,28,12"
1315091,"Toxic","Dreaming of an escape from the bleakness of their hometown, two teens form a unique bond at a local modeling school, where the promise of a better life pushes girls to violate their bodies in increasingly extreme ways.","2025-03-24",22.9438,6.6,38,"18"
549509,"The Brutalist","When an innovative modern architect flees post-war Europe, he is given the opportunity to rebuild his legacy. Set during the dawn of the modern United States (in Pennsylvania), his wife joins him, and their lives are forever changed by a demanding, wealthy patron.","2024-12-20",34.0129,6.923,1831,"18"
348,"Alien","During its return to the earth, commercial spaceship Nostromo intercepts a distress signal from a distant planet. When a three-member team of the crew discovers a chamber containing thousands of eggs on the planet, a creature inside one of the eggs attacks an explorer. The entire crew is unaware of the impending nightmare set to descend upon them when the alien parasite planted inside its unfortunate host is birthed.","1979-05-25",31.8939,8.2,16896,"27,878"
41630,"No Strings Attached","Emma is a busy doctor who sets up a seemingly perfect arrangement when she offers her best friend Adam a relationship with one rule: No strings attached. But when a fling becomes a thing, can sex friends stay best friends?","2011-01-21",27.6418,6.299,5083,"35,10749"
1159559,"Scream 7","When a new Ghostface killer emerges in the quiet town where Sidney Prescott has built a new life, her darkest fears are realized as her daughter becomes the next target. Determined to protect her family, Sidney must face the horrors of her past to put an end to the bloodshed once and for all.","2026-02-25",32.737,6.215,1313,"27,9648,80"
552524,"Lilo & Stitch","The wildly funny and touching story of a lonely Hawaiian girl and the fugitive alien who helps to mend her broken family.","2025-05-17",34.6451,7.182,2303,"10751,878,35"
9426,"The Fly","When brilliant, eccentric scientist Seth Brundle makes a huge technological breakthrough in teleportation, he decides to test it on himself. Unbeknownst to him, a common housefly manages to get inside the device and the two become one.","1986-08-15",32.2395,7.4,5165,"27,878"
539972,"Kraven the Hunter","Kraven Kravinoff's complex relationship with his ruthless gangster father, Nikolai, starts him down a path of vengeance with brutal consequences, motivating him to become not only the greatest hunter in the world, but also one of its most feared.","2024-12-11",34.0046,6.4,2520,"28,12,53"
284053,"Thor: Ragnarok","Thor is imprisoned on the other side of the universe and finds himself in a race against time to get back to Asgard to stop Ragnarok, the destruction of his home-world and the end of Asgardian civilization, at the hands of a powerful new threat, the ruthless Hela.","2017-10-02",32.7357,7.579,22543,"28,12,35,878"
1451944,"Lust Stories 3","Through four bite-sized yet emotionally resonant films, the anthology once again explores lust, love, relationships, and repressed desire, offering fresh perspectives on intimacy, longing, and human connection in all their complexity.","2026-09-18",28.7085,6.125,8,"10749,18"
216015,"Fifty Shades of Grey","When college senior Anastasia Steele steps in for her sick roommate to interview prominent businessman Christian Grey for their campus paper, little does she realize the path her life will take. Christian, as enigmatic as he is rich and powerful, finds himself strangely drawn to Ana, and she to him. Though sexually inexperienced, Ana plunges headlong into an affair -- and learns that Christian's true sexual proclivities push the boundaries of pain and pleasure.","2015-02-11",31.1009,5.858,12559,"18,10749,53"
272,"Batman Begins","Driven by tragedy, billionaire Bruce Wayne dedicates his life to uncovering and defeating the corruption that plagues his home, Gotham City.  Unable to work within the system, he instead creates a new identity, a symbol of fear for the criminal underworld - The Batman.","2005-06-10",31.1375,7.73,23252,"18,80,28"
653346,"Kingdom of the Planet of the Apes","Several generations following Caesar's reign, apes – now the dominant species – live harmoniously while humans have been reduced to living in the shadows. As a new tyrannical ape leader builds his empire, one young ape undertakes a harrowing journey that will cause him to question all he's known about the past and to make choices that will define a future for apes and humans alike.","2024-05-08",28.4872,7.05,4475,"878,12,28"
920,"Cars","Lightning McQueen, a hotshot rookie race car driven to succeed, discovers that life is about the journey, not the finish line, when he finds himself unexpectedly detoured in the sleepy Route 66 town of Radiator Springs. On route across the country to the big Piston Cup Championship in California to compete against two seasoned pros, McQueen gets to know the town's offbeat characters.","2006-06-08",30.3534,7.056,15575,"16,12,35,10751"
76338,"Thor: The Dark World","Thor fights to restore order across the cosmos… but an ancient race led by the vengeful Malekith returns to plunge the universe back into darkness. Faced with an enemy that even Odin and Asgard cannot withstand, Thor must embark on his most perilous and personal journey yet, one that will reunite him with Jane Foster and force him to sacrifice everything to save us all.","2013-10-30",31.6407,6.508,18766,"28,12,14"
1325734,"The Drama","A happily engaged couple is put to the test when an unexpected turn sends their wedding week off the rails.","2026-04-01",31.784,6.896,1873,"10749,35,18"
11036,"The Notebook","An epic love story centered around an older man who reads aloud to a woman with Alzheimer's. From a faded notebook, the old man's words bring to life the story about a couple who is separated by World War II, and is then passionately reunited, seven years later, after they have taken different paths.","2004-06-25",31.5293,7.889,12899,"10749,18"
980477,"Ne Zha 2","After a catastrophic event leaves their bodies destroyed, Ne Zha and Ao Bing are granted a fragile second chance at life. As tensions rise between the dragon clans and celestial forces, the two must undergo a series of perilous trials that will test their bond, challenge their identities, and decide the fate of both mortals and immortals.","2025-01-29",30.7535,8.189,836,"16,28,14,12"
429617,"Spider-Man: Far From Home","Peter Parker and his friends go on a summer trip to Europe. However, they will hardly be able to rest - Peter will have to agree to help Nick Fury uncover the mystery of creatures that cause natural disasters and destruction throughout the continent.","2019-06-28",31.0179,7.391,17665,"28,12,878"
228150,"Fury","April, 1945. As the Allies make their final push in the European Theater, a battle-hardened army sergeant commands a Sherman tank with a five-man crew on a deadly mission behind enemy lines.","2014-10-15",32.0841,7.545,13264,"10752,18,28"
11324,"Shutter Island","World War II soldier-turned-U.S. Marshal Teddy Daniels investigates the disappearance of a patient from a hospital for the criminally insane, but his efforts are compromised by troubling visions and a mysterious doctor.","2010-02-14",34.2549,8.196,26496,"18,53,9648"
985939,"Fall","For best friends Becky and Hunter, life is all about conquering fears and pushing limits. But after they climb 2,000 feet to the top of a remote, abandoned radio tower, they find themselves stranded with no way down. Now Becky and Hunter's expert climbing skills will be put to the ultimate test as they desperately fight to survive the elements, a lack of supplies, and vertigo-inducing heights.","2022-08-11",27.2431,7.144,4903,"53"
259693,"The Conjuring 2","Lorraine and Ed Warren travel to north London to help a single mother raising four children alone in a house plagued by malicious spirits.","2016-06-08",30.1209,7.294,9434,"27"
101299,"The Hunger Games: Catching Fire","After surviving the Hunger Games, Katniss and Peeta struggle with the consequences of their victory as unrest spreads across Panem. Forced back into the spotlight, they become symbols of hope and resistance while the Capitol prepares a new and deadly challenge that will change the future of the nation forever.","2013-11-15",30.7701,7.424,18822,"12,28,878"
950396,"The Gorge","Two highly trained operatives grow close from a distance after being sent to guard opposite sides of a mysterious gorge. When an evil below emerges, they must work together to survive what lies within.","2025-02-13",31.2932,7.699,4241,"10749,878,53"
73723,"The Lorax","A 12-year-old boy searches for the one thing that will enable him to win the affection of the girl of his dreams. To find it he must discover the story of the Lorax, the grumpy yet charming creature who fights to protect his world.","2012-03-01",33.453,6.538,3995,"16,10751"
37165,"The Truman Show","In a picture-perfect seaside town, an insurance salesman begins to realize that his entire existence may be staged and observed by a vast unseen audience as part of a long-running real-time reality TV show.","1998-06-04",29.8349,8.159,20919,"35,18"
22,"Pirates of the Caribbean: The Curse of the Black Pearl","When wily pirate Captain Barbossa seizes Jack Sparrow’s beloved ship, the Black Pearl, and kidnaps the governor’s daughter, Elizabeth Swann, blacksmith Will Turner reluctantly teams up with the unpredictable pirate Jack to rescue her—only to uncover a terrifying curse that turns Barbossa’s crew into the undead.","2003-07-09",30.5137,7.834,22830,"12,14,28"
502356,"The Super Mario Bros. Movie","While working underground to fix a water main, Brooklyn plumbers—and brothers—Mario and Luigi are transported down a mysterious pipe and wander into a magical new world. But when the brothers are separated, Mario embarks on an epic quest to find Luigi.","2023-04-05",33.3478,7.59,11170,"10751,35,12,14,16"
283995,"Guardians of the Galaxy Vol. 2","The Guardians must fight to keep their newfound family together as they unravel the mysteries of Peter Quill's true parentage.","2017-04-25",28.6682,7.609,23491,"878,12,28"
324786,"Hacksaw Ridge","WWII American Army Medic Desmond T. Doss, who served during the Battle of Okinawa, refuses to kill people and becomes the first Conscientious Objector in American history to receive the Congressional Medal of Honor.","2016-10-07",31.8535,8.193,15345,"18,36,10752"
545611,"Everything Everywhere All at Once","An aging Chinese immigrant is swept up in an insane adventure, where she alone can save what's important to her by connecting with the lives she could have led in other universes.","2022-03-24",35.4539,7.714,8459,"28,12,878"
9489,"You've Got Mail","Book superstore magnate Joe Fox and independent book shop owner Kathleen Kelly fall in love in the anonymity of the Internet—both blissfully unaware that he's trying to put her out of business.","1998-12-18",31.1201,6.712,3762,"35,10749"
1318447,"Apex","A grieving woman pushing her limits on a solo adventure in the Australian wild is ensnared in a twisted game with a cunning killer who thinks she's prey.","2026-04-24",29.4964,6.893,1958,"28,53"
330457,"Frozen II","Elsa, Anna, Kristoff and Olaf head far into the forest to learn the truth about an ancient mystery of their kingdom.","2019-11-20",32.2112,7.222,10486,"10751,16,12,35,14"
301528,"Toy Story 4","Woody has always been confident about his place in the world, devoted to taking care of his kid—whether that's Andy or Bonnie. But after Bonnie creates a reluctant new toy called ""Forky"", a road trip adventure alongside old and new friends challenges everything Woody believes about loyalty, purpose, and what it truly means to be a toy.","2019-06-19",30.963,7.464,11024,"10751,35,16,12"
1284186,"Sacrifice","During a star-studded charity gala brimming with celebrities, billionaires and empty speeches, a movie star in the midst of an existential crisis is taken hostage by a radical warrior and her devoted followers. As the night descends into chaos, both an inward journey and an outward adventure ensue, where the line between performance and belief, salvation and sacrifice, begins to blur.","2026-04-09",31.1896,5.375,24,"12,35,28"
532870,"Run Sweetheart Run","A woman runs for her life though the streets of Los Angeles after her blind date suddenly turns violent.","2020-01-27",28.8917,5.5,237,"27,53"
1100988,"28 Years Later","Twenty-eight years after the Rage virus outbreak, a heavily-defended island survives connected to the mainland by a single causeway. When one of the group leaves the island into the dark heart of the mainland, he discovers secrets, wonders, and horrors that have mutated not only the infected but other survivors as well.","2025-06-18",28.6326,6.605,3005,"27,53,878"
822119,"Captain America: Brave New World","After meeting with newly elected U.S. President Thaddeus Ross, Sam finds himself in the middle of an international incident. He must discover the reason behind a nefarious global plot before the true mastermind has the entire world seeing red.","2025-02-12",31.9586,5.951,3437,"28,53,878"
436270,"Black Adam","Nearly 5,000 years after he was bestowed with the almighty powers of the Egyptian gods—and imprisoned just as quickly—Black Adam is freed from his earthly tomb, ready to unleash his unique form of justice on the modern world.","2022-10-19",29.7301,6.76,7285,"28,12,878"
156022,"The Equalizer","McCall believes he has put his mysterious past behind him and dedicated himself to beginning a new, quiet life. But when he meets Teri, a young girl under the control of ultra-violent Russian gangsters, he can’t stand idly by – he has to help her. Armed with hidden skills that allow him to serve vengeance against anyone who would brutalize the helpless, McCall comes out of his self-imposed retirement and finds his desire for justice reawakened. If someone has a problem, if the odds are stacked against them, if they have nowhere else to turn, McCall will help. He is The Equalizer.","2014-09-24",32.3284,7.294,10231,"53,28,80"
260514,"Cars 3","Blindsided by a new generation of blazing-fast racers, the legendary Lightning McQueen finds himself pushed to the brink—and suddenly, the champion who once ruled the track is fighting just to stay in the race. With his career hanging in the balance, McQueen must turn to an ambitious young race technician with a plan of her own, draw strength from the legacy of the late Fabulous Hudson Hornet, and risk everything on one last shot at glory.","2017-06-15",29.1397,6.867,6604,"16,18,10751,12"
383498,"Deadpool 2","Wisecracking mercenary Deadpool battles the evil and powerful Cable and other bad guys to save a boy's life.","2018-05-15",30.8872,7.488,19704,"28,35,12"
284054,"Black Panther","King T'Challa returns home to the reclusive, technologically advanced African nation of Wakanda to serve as his country's new leader. However, T'Challa soon finds that he is challenged for the throne by factions within his own country as well as without. Using powers reserved to Wakandan kings, T'Challa assumes the Black Panther mantle to join with ex-girlfriend Nakia, the queen-mother, his princess-kid sister, members of the Dora Milaje (the Wakandan 'special forces') and an American secret agent, to prevent Wakanda from being dragged into a world war.","2018-02-13",30.8605,7.361,24017,"28,12,878"
9479,"The Nightmare Before Christmas","Tired of scaring humans every October 31 with the same old bag of tricks, Jack Skellington, the spindly king of Halloween Town, kidnaps Santa Claus and plans to deliver shrunken heads and other ghoulish gifts to children on Christmas morning. But as Christmas approaches, Jack's rag-doll girlfriend, Sally, tries to foil his misguided plans.","1993-10-09",27.9005,7.842,10637,"14,16,10751"
346698,"Barbie","Barbie and Ken are having the time of their lives in the colorful and seemingly perfect world of Barbie Land. However, when they get a chance to go to the real world, they soon discover the joys and perils of living among humans.","2023-07-19",31.029,6.907,11624,"35,12,14"
1339588,"Finding Emily","When a lovesick musician is given the wrong number for his dream girl, he teams up with a driven psychology student to find her. Together, they spark a hilarious campus-wide frenzy that tests their own hearts and ambitions along the way.","2026-05-21",32.0159,6.776,67,"10749,35"
411,"The Chronicles of Narnia: The Lion, the Witch and the Wardrobe","Four kids travel through a wardrobe to the land of Narnia and learn of their destiny to free it with the guidance of a mystical lion.","2005-12-07",29.3987,7.1,11797,"12,10751,14"
350,"The Devil Wears Prada","A young woman from the Midwest gets more than she bargained for when she moves to New York to become a writer and ends up as the assistant to the tyrannical, larger-than-life editor-in-chief of a major fashion magazine.","2006-06-29",32.0635,7.434,14272,"18,35"
1218925,"Chainsaw Man - The Movie: Reze Arc","In a brutal war between devils, hunters, and secret enemies, a mysterious girl named Reze has stepped into Denji's world, and he faces his deadliest battle yet, fueled by love in a world where survival knows no rules.","2025-09-19",31.7907,8.552,1212,"16,28,10749,14"
350,"The Devil Wears Prada","A young woman from the Midwest gets more than she bargained for when she moves to New York to become a writer and ends up as the assistant to the tyrannical, larger-than-life editor-in-chief of a major fashion magazine.","2006-06-29",32.0635,7.4,14270,"18,35"
1218925,"Chainsaw Man - The Movie: Reze Arc","In a brutal war between devils, hunters, and secret enemies, a mysterious girl named Reze has stepped into Denji's world, and he faces his deadliest battle yet, fueled by love in a world where survival knows no rules.","2025-09-19",31.7907,8.6,1211,"16,28,10749,14"
207,"Dead Poets Society","At an elite, old-fashioned boarding school in New England, a passionate English teacher inspires his students to rebel against convention and seize the potential of every day, courting the disdain of the stern headmaster.","1989-06-02",29.0783,8.3,12995,"18"
845781,"Red One","After Santa Claus (codename: Red One) is kidnapped, the North Pole's Head of Security must team up with the world's most infamous tracker in a globe-trotting, action-packed mission to save Christmas.","2024-10-31",30.8464,7,3177,"28,12,35,14"
293660,"Deadpool","The origin story of former Special Forces operative turned mercenary Wade Wilson, who, after being subjected to a rogue experiment that leaves him with accelerated healing powers, adopts the alter ego Deadpool. Armed with his new abilities and a dark, twisted sense of humor, Deadpool hunts down the man who nearly destroyed his life.","2016-02-09",28.3933,7.6,33356,"28,12,35"
1147416,"Miraculous World: London, at the Edge of Time","To save the future from a terrible fate, Marinette becomes Chronobug and teams up with Bunnyx to defeat a mysterious opponent who travels through time.","2024-11-14",23.6108,7.5,330,"16,10751,28,12,14"
424,"Schindler's List","The true story of how businessman Oskar Schindler saved over a thousand Jewish lives from the Nazis while they worked as slaves in his factory during World War II.","1993-12-15",30.7242,8.6,17962,"18,36,10752"
1865,"Pirates of the Caribbean: On Stranger Tides","When Jack crosses paths with a woman from his past, he's not sure if it's love...or if she's a ruthless con artist using him to find the fabled Fountain of Youth.","2011-05-15",28.1257,6.574,15280,"12,28,14"
16869,"Inglourious Basterds","In Nazi-occupied France during World War II, a group of Jewish-American soldiers known as ""The Basterds"" are chosen specifically to spread fear throughout the Third Reich by scalping and brutally killing Nazis. The Basterds, lead by Lt. Aldo Raine soon cross paths with a French-Jewish teenage girl who runs a movie theater in Paris which is targeted by the soldiers.","2009-08-02",29.4138,8.217,24840,"18,53,10752"
810,"Shrek the Third","After the King of Far Far Away dies, Shrek and Fiona are to succede. However, Shrek wants to return to his cozy swamp and live in peace and quiet, so when he finds out there is another heir to the throne, he and Donkey set off to bring him back to rule the kingdom.","2007-05-17",29.0149,6.315,10019,"14,12,16,35,10751"
68721,"Iron Man 3","When Tony Stark's world is torn apart by a formidable terrorist called the Mandarin, he starts an odyssey of rebuilding and retribution.","2013-04-18",30.677,6.933,23923,"28,12,878"
519182,"Despicable Me 4","Gru and Lucy and their girls—Margo, Edith and Agnes—welcome a new member to the Gru family, Gru Jr., who is intent on tormenting his dad. Gru also faces a new nemesis in Maxime Le Mal and his femme fatale girlfriend Valentina, forcing the family to go on the run.","2024-06-20",28.4729,6.97,3380,"16,35,28,878,10751"
769,"GoodFellas","The true story of Henry Hill, a half-Irish, half-Sicilian Brooklyn kid who is adopted by neighbourhood gangsters at an early age and climbs the ranks of a Mafia family under the guidance of Jimmy Conway.","1990-09-12",29.7077,8.4,14804,"18,80"
87513,"Motor City","In 1970s Detroit, John Miller falls for a local gangster's girl and lands in prison for a crime he didn't commit. With his life ruined, Miller plots revenge against the man who took his girl away.","2026-07-23",27.3585,6.2,121,"28,53,80"
640,"Catch Me If You Can","A true story about Frank Abagnale Jr. who, before his 19th birthday, successfully conned millions of dollars worth of checks as a Pan Am pilot, doctor, and legal prosecutor. An FBI agent makes it his mission to put him behind bars. But Frank not only eludes capture, he revels in the pursuit.","2002-12-16",27.5901,7.978,17624,"18,80"
109445,"Frozen","Young princess Anna of Arendelle dreams about finding true love at her sister Elsa’s coronation. Fate takes her on a dangerous journey in an attempt to end the eternal winter that has fallen over the kingdom. She's accompanied by ice delivery man Kristoff, his reindeer Sven, and snowman Olaf. On an adventure where she will find out what friendship, courage, family, and true love really means.","2013-11-20",29.6021,7.249,17915,"16,10751,12,14"
24,"Kill Bill: Vol. 1","An assassin is shot by her ruthless employer, Bill, and other members of their assassination circle – but she lives to plot her vengeance.","2003-10-10",28.9884,7.97,19462,"28,80"
10192,"Shrek Forever After","A midlife-crisis burdened Shrek, longing for the days of when he felt like a real ogre, makes a pact with magic deal-maker Rumpelstiltskin. But when he's duped and sent to a twisted version of Far Far Away—where Rumpelstiltskin is king, ogres are hunted, and he and Fiona have never met—he sets out to restore his world and reclaim his true love.","2010-05-16",29.3413,6.414,8145,"35,12,14,16,10751"
921711,"Tamil Rockers","4 Major characters running for the Money facing more challenges by forgetting the fact that it's not the decision of money to reach human.","2021-12-31",32.4419,4.2,5,"35,53"
1198994,"Send Help","Two colleagues become stranded on a deserted island, the only survivors of a plane crash. On the island, they must overcome past grievances and work together to survive, but ultimately, it's a battle of wills and wits to make it out alive.","2026-01-22",28.1529,7.019,2338,"27,53,35"
967941,"Wicked: For Good","As an angry mob rises against the Wicked Witch, Glinda and Elphaba must unite one last time with honesty and empathy to fulfill their shared destiny and change the fate of Oz forever.","2025-11-19",29.423,6.578,1166,"14,12,10749"
8966,"Twilight","When Bella Swan moves to a small town in the Pacific Northwest, she falls in love with Edward Cullen, a mysterious classmate who reveals himself to be a 108-year-old vampire. Despite Edward's repeated cautions, Bella can't stay away from him, a fatal move that endangers her own life.","2008-11-20",28.7118,6.273,14704,"14,18,10749"
1284046,"Onslaught","When a rogue squad of genetically engineered super soldiers break loose in the desert, a badass Army sniper must unleash hell to protect her young daughter.","2026-09-02",33.2036,5.8,28,"28,53"
497698,"Black Widow","Natasha Romanoff, also known as Black Widow, confronts the darker parts of her ledger when a dangerous conspiracy with ties to her past arises. Pursued by a force that will stop at nothing to bring her down, Natasha must deal with her history as a spy and the broken relationships left in her wake long before she became an Avenger.","2021-07-07",29.329,7.147,11650,"28,12,878"
762509,"Mufasa: The Lion King","Mufasa, a cub lost and alone, meets a sympathetic lion named Taka, the heir to a royal bloodline. The chance meeting sets in motion an expansive journey of a group of misfits searching for their destiny.","2024-12-18",26.7302,7.284,2785,"12,10751,16"
214756,"Ted 2","Newlywed couple Ted and Tami-Lynn want to have a baby, but in order to qualify to be a parent, Ted will have to prove he's a person in a court of law.","2015-06-25",29.9291,6.327,8187,"35,14"
38757,"Tangled","Feisty teenager Rapunzel, who has long and magical hair, wants to go and see sky lanterns on her eighteenth birthday, but she's bound to a tower by her overprotective mother. She strikes a deal with Flynn Rider, a charming wanted thief, and the duo set off on an action-packed escapade.","2010-11-24",28.4934,7.617,12726,"16,10751,12"
1724,"The Incredible Hulk","Scientist Bruce Banner scours the planet for an antidote to the unbridled force of rage within him: the Hulk. But when the military masterminds who dream of exploiting his powers force him back to civilization, he finds himself coming face to face with a new, deadly foe.","2008-06-12",27.7763,6.261,13177,"878,28,12"
26850,"Under Suspicion","In the late 1950s, British police officer Tony Aaron resigns from the force after sleeping with Hazel, wife of the man whose house he was supposed to guard. In his new job as a fake private investigator, he helps couples get divorces by photographing Hazel having ""affairs"" with the husband. When she is murdered during a job, Tony begins having an affair with the dead man's mistress, Angeline, while trying to prove his innocence.","1991-09-27",25.6174,6,128,"80,53"
72190,"World War Z","Life for former United Nations investigator Gerry Lane and his family seems content. Suddenly, the world is plagued by a mysterious infection turning whole human populations into rampaging mindless zombies. After barely escaping the chaos, Lane is persuaded to go on a mission to investigate this disease. What follows is a perilous trek around the world where Lane must brave horrific dangers and long odds to find answers before human civilization falls.","2013-06-19",28.7655,6.853,17092,"28,27,878"
11544,"Lilo & Stitch","As Stitch, a runaway genetic experiment from a faraway planet, wreaks havoc on the Hawaiian Islands, he becomes the mischievous adopted alien ""puppy"" of an independent little girl named Lilo and learns about loyalty, friendship, and ʻohana, the Hawaiian tradition of family.","2002-06-21",29.5328,7.56,7261,"16,10751,35,878"
1054867,"One Battle After Another","Washed-up revolutionary Bob exists in a state of stoned paranoia, surviving off-grid with his spirited, self-reliant daughter, Willa. When his evil nemesis resurfaces after 16 years and she goes missing, the former radical scrambles to find her, father and daughter both battling the consequences of his past.","2025-09-23",30.1772,7.341,4314,"53,80,35"
18785,"The Hangover","When three friends finally come to after a raucous night of bachelor-party revelry, they find a baby in the closet and a tiger in the bathroom. But they can't seem to locate their best friend, Doug – who's supposed to be tying the knot. Launching a frantic search for Doug, the trio perseveres through a nasty hangover to try to make it to the church on time.","2009-06-02",28.222,7.338,18567,"35"
14160,"Up","Carl Fredricksen spent his entire life dreaming of exploring the globe and experiencing life to its fullest. But at age 78, life seems to have passed him by, until a twist of fate (and a persistent 8-year old Wilderness Explorer named Russell) gives him a new lease on life.","2009-05-28",30.0044,7.96,22186,"16,35,10751,12"
854804,"Movida","Children play war between the abandoned houses of a mountain village. Tommaso and Riccardo with other guys build a motor tricycle, spending the summer between the parking lots and hangars. Lorenzo is the son of a transhumant shepherd, and he wouldn’t like to continue his father’s profession, but to spend a summer like other teenagers. Belluno is one of the many Italian provinces that is becoming depopulated. MOVIDA tells it through the eyes of children and young people who live there.","2020-06-25",30.4805,0,0,""
652,"Troy","In year 1250 B.C. during the late Bronze age, two emerging nations begin to clash. Paris, the Trojan prince, convinces Helen, Queen of Sparta, to leave her husband Menelaus, and sail with him back to Troy. After Menelaus finds out that his wife was taken by the Trojans, he asks his brother Agamemnon to help him get her back. Agamemnon sees this as an opportunity for power. They set off with 1,000 ships holding 50,000 Greeks to Troy.","2004-05-13",27.8154,7.192,11562,"28,12"
346364,"It","In a small town in Maine, seven children known as The Losers Club come face to face with life problems, bullies and a monster that takes the shape of a clown called Pennywise.","2017-09-06",31.013,7.241,20713,"27,53,18"
38365,"Grown Ups","After their high school basketball coach passes away, five good friends and former teammates reunite for a Fourth of July holiday weekend.","2010-06-24",30.0779,6.438,6908,"35"
313369,"La La Land","Mia, an aspiring actress, serves lattes to movie stars in between auditions and Sebastian, a jazz musician, scrapes by playing cocktail party gigs in dingy bars, but as success mounts they are faced with decisions that begin to fray the fragile fabric of their love affair, and the dreams they worked so hard to maintain in each other threaten to rip them apart.","2016-12-01",28.3312,7.895,18528,"35,18,10749"
564,"The Mummy","Dashing legionnaire Rick O'Connell stumbles upon the hidden ruins of Hamunaptra while in the midst of a battle to claim the area in 1920s Egypt. It has been over three thousand years since former High Priest Imhotep suffered a fate worse than death as a punishment for a forbidden love—along with a curse that guarantees eternal doom upon the world if he is ever awoken.","1999-04-16",28.585,6.996,10430,"12,28,14"
61823,"The Ape Woman","A modest Neapolitan man meets a young woman with excessive hairiness. He exhibits her at fairs and marries her. It is after marriage that he receives a tempting offer from a French manager.","1964-01-31",23.1164,7.3,64,"18,35"
546554,"Knives Out","When renowned crime novelist Harlan Thrombey is found dead at his estate just after his 85th birthday, the inquisitive and debonair Detective Benoit Blanc is mysteriously enlisted to investigate. From Harlan's dysfunctional family to his devoted staff, Blanc sifts through a web of red herrings and self-serving lies to uncover the truth behind Harlan's untimely death.","2019-11-27",27.9289,7.844,14548,"35,80,9648"
269149,"Zootopia","Determined to prove herself, Officer Judy Hopps, the first bunny on Zootopia's police force, jumps at the chance to crack her first case - even if it means partnering with scam-artist fox Nick Wilde to solve the mystery.","2016-02-11",27.5036,7.765,18556,"16,12,10751,35"
18,"The Fifth Element","In 2257, a taxi driver is unintentionally given the task of saving a young girl who is part of the key that will ensure the survival of humanity.","1997-05-02",28.4817,7.6,12188,"878,28,12"
1422,"The Departed","To take down South Boston's Irish Mafia, the police send in one of their own to infiltrate the underworld, not realizing the syndicate has done likewise. While an undercover cop curries favor with the mob kingpin, a career criminal rises through the police ranks. But both sides soon discover there's a mole among them.","2006-10-04",28.6602,8.158,16706,"18,53,80"
1284041,"The Last House","A family suddenly sealed inside their home must work together to survive against dwindling resources and the ominous threat keeping them trapped.","2026-08-06",28.9931,6.841,1419,"27,878,53"
384018,"Fast & Furious Presents: Hobbs & Shaw","Ever since US Diplomatic Security Service Agent Hobbs and lawless outcast Shaw first faced off, they just have traded smack talk and body blows. But when cyber-genetically enhanced anarchist Brixton's ruthless actions threaten the future of humanity, they join forces to defeat him.","2019-07-31",27.3013,6.819,7944,"28,12,35"
857,"Saving Private Ryan","As U.S. troops storm the beaches of Normandy, three brothers lie dead on the battlefield, with a fourth trapped behind enemy lines. Ranger captain John Miller and seven men are tasked with penetrating German-held territory and bringing the boy home.","1998-07-24",30.2561,8.232,17833,"10752,18,36"
1413976,"Citizen Vigilante","A man takes justice into his own hands, hunting down criminals. His vigilante crusade makes him a social media star but puts him at odds with the local police chief.","2026-06-19",25.4936,6.5,410,"53,28,80"
425274,"Now You See Me: Now You Don't","The original Four Horsemen reunite with a new generation of illusionists to take on powerful diamond heiress Veronika Vanderberg, who leads a criminal empire built on money laundering and trafficking. The new and old magicians must overcome their differences to work together on their most ambitious heist yet.","2025-11-12",27.7888,6.446,1846,"80,53"
10625,"Mean Girls","Cady Heron is a hit with The Plastics, the A-list girl clique at her new school, until she makes the mistake of falling for Aaron Samuels, the ex-boyfriend of alpha Plastic Regina George.","2004-04-30",27.5754,7.23,9695,"18,35"
87101,"Terminator Genisys","The year is 2029. John Connor, leader of the resistance continues the war against the machines. At the Los Angeles offensive, John's fears of the unknown future begin to emerge when TECOM spies reveal a new plot by SkyNet that will attack him from both fronts; past and future, and will ultimately change warfare forever.","2015-06-23",28.4807,5.96,9197,"878,28,53"
679,"Aliens","Ripley, the sole survivor of the Nostromo's deadly encounter with the monstrous Alien, returns to Earth after drifting through space in hypersleep for 57 years. Although her story is initially met with skepticism, she agrees to accompany a team of Colonial Marines back to LV-426.","1986-07-18",26.7612,7.967,11222,"28,53,878"
694,"The Shining","Jack Torrance accepts a caretaker job at the Overlook Hotel, where he, along with his wife Wendy and their son Danny, must live isolated from the rest of the world for the winter. But they aren't prepared for the madness that lurks within.","1980-05-23",28.4026,8.201,19439,"27,53"
284052,"Doctor Strange","After his career is destroyed, a brilliant but arrogant surgeon gets a new lease on life when a sorcerer takes him under her wing and trains him to defend the world against evil.","2016-10-25",28.1231,7.426,23967,"14,12,28"
447273,"Snow White","Following the benevolent King's disappearance, the Evil Queen dominated the once fair land with a cruel streak. Princess Snow White flees the castle when the Queen, in her jealousy over Snow White's inner beauty, tries to kill her. Deep into the dark woods, she stumbles upon seven magical dwarves and a young bandit named Jonathan. Together, they strive to survive the Queen's relentless pursuit and aspire to take back the kingdom.","2025-03-19",26.9123,4.248,1749,"10751,14"
541671,"Ballerina","Taking place during the events of John Wick: Chapter 3 – Parabellum, Eve Macarro begins her training in the assassin traditions of the Ruska Roma.","2025-06-04",27.2876,7.269,3003,"28,53,80"
127585,"X-Men: Days of Future Past","The ultimate X-Men ensemble fights a war for the survival of the species across two time periods as they join forces with their younger selves in an epic battle that must change the past – to save our future.","2014-05-15",26.9226,7.537,16706,"28,12,878"
1124,"The Prestige","A mysterious story of two magicians whose intense rivalry leads them on a life-long battle for supremacy -- full of obsession, deceit and jealousy with dangerous and deadly consequences.","2006-10-19",27.3135,8.211,18186,"18,9648,878"
822653,"Puella Magi Madoka Magica the Movie -Walpurgisnacht: Rising-","After the events of Rebellion, the world appears to be in balance—but that peace is fragile. As a new threat connected to Walpurgisnacht emerges, Homura Akemi is forced to face the consequences of her choices and question how far she is willing to go to protect Madoka.","2026-08-28",25.2801,9,2,"16,18,9648,14"
558449,"Gladiator II","Years after witnessing the death of the revered hero Maximus at the hands of his uncle, Lucius is forced to enter the Colosseum after his home is conquered by the tyrannical Emperors who now lead Rome with an iron fist. With rage in his heart and the future of the Empire at stake, Lucius must look to his past to find strength and honor to return the glory of Rome to its people.","2024-11-13",26.9123,6.593,4767,"28,12,18"
604,"The Matrix Reloaded","The Resistance builds in numbers as humans are freed from the Matrix and brought to the city of Zion. Neo discovers his superpowers, including the ability to see the code inside the Matrix. With machine sentinels digging to Zion in 72 hours, Neo, Morpheus and Trinity must find the Keymaker to ultimately reach the Source.","2003-05-15",26.7782,7.086,12355,"12,28,53,878"
181808,"Star Wars: The Last Jedi","Rey develops her newly discovered abilities with the guidance of Luke Skywalker, who is unsettled by the strength of her powers. Meanwhile, the Resistance prepares to do battle with the First Order.","2017-12-13",28.4192,6.735,16712,"12,28,878"
419430,"Get Out","Chris and his girlfriend Rose go upstate to visit her parents for the weekend. At first, Chris reads the family's overly accommodating behavior as nervous attempts to deal with their daughter's interracial relationship, but as the weekend progresses, a series of increasingly disturbing discoveries lead him to a truth that he never could have imagined.","2017-02-24",27.9797,7.625,19387,"9648,53,27"
1340206,"Tuner","A gifted piano tuner's meticulous skills for tuning pianos lead him to discover an unexpected aptitude for cracking safes, turning his life upside down.","2026-05-21",25.401,7.604,490,"80,18,53"
49521,"Man of Steel","A young boy learns that he has extraordinary powers and is not of this earth. As a young man, he journeys to discover where he came from and what he was sent here to do. But the hero in him must emerge if he is to save the world from annihilation and become the symbol of hope for all mankind.","2013-06-12",27.3518,6.661,16637,"28,12,878"
429,"The Good, the Bad and the Ugly","While the Civil War rages on between the Union and the Confederacy, three men – a quiet loner, a ruthless hitman, and a Mexican bandit – comb the American Southwest in search of a strongbox containing $200,000 in stolen gold.","1966-12-23",26.5756,8.469,9978,"37"
372058,"Your Name.","High schoolers Mitsuha and Taki are complete strangers living separate lives. But one night, they suddenly switch places. Mitsuha wakes up in Taki’s body, and he in hers. This bizarre occurrence continues to happen randomly, and the two must adjust their lives around each other.","2016-07-01",27.3227,8.487,13033,"16,10749,18"
10195,"Thor","Against his father Odin's will, The Mighty Thor - a powerful but arrogant warrior god - recklessly reignites an ancient war. Thor is cast down to Earth and forced to live among humans as punishment. Once here, Thor learns what it takes to be a true hero when the most dangerous villain of his world sends the darkest forces of Asgard to invade Earth.","2011-04-21",26.2683,6.772,22849,"12,14,28"
926393,"The Equalizer 3","Robert McCall finds himself at home in Southern Italy but he discovers his friends are under the control of local crime bosses. As events turn deadly, McCall knows what he has to do: become his friends' protector by taking on the mafia.","2023-08-30",26.5507,7.293,3933,"28,53,80"
57158,"The Hobbit: The Desolation of Smaug","The Dwarves, Bilbo and Gandalf have successfully escaped the Misty Mountains, and Bilbo has gained the One Ring. They all continue their journey to get their gold back from the Dragon, Smaug.","2013-12-11",27.535,7.578,14615,"14,12,28"
616037,"Thor: Love and Thunder","After his retirement is interrupted by Gorr the God Butcher, a galactic killer who seeks the extinction of the gods, Thor Odinson enlists the help of King Valkyrie, Korg, and ex-girlfriend Jane Foster, who now wields Mjolnir as the Mighty Thor. Together they embark upon a harrowing cosmic adventure to uncover the mystery of the God Butcher’s vengeance and stop him before it’s too late.","2022-07-06",26.4782,6.356,8992,"14,28,35"
1266127,"Ready or Not: Here I Come","Moments after surviving an all-out attack from the Le Domas family, Grace discovers she’s reached the next level of the nightmarish game — and this time with her estranged sister Faith at her side. Grace has one chance to survive, keep her sister alive, and claim the High Seat of the Council that controls the world. Four rival families are hunting her for the throne, and whoever wins rules it all.","2026-03-19",25.9292,7.548,1678,"27,35"
792307,"Poor Things","Brought back to life by an unorthodox scientist, a young woman runs off with a lawyer on a whirlwind adventure across the continents. Free from the prejudices of her times, she grows steadfast in her purpose to stand for equality and liberation.","2023-12-07",24.8534,7.631,5782,"878,10749,35"
945961,"Alien: Romulus","While scavenging the deep ends of a derelict space station, a group of young space colonizers come face to face with the most terrifying life form in the universe.","2024-08-13",26.0903,7.16,4924,"27,878"
1297311,"Quantum Supremacy","In a future threatened by rogue robots and an all-powerful AI, Captain Monroe and his crew race to prevent humanity's downfall in Quantum Supremacy.","2026-02-16",26.6465,4.125,40,"878,16,12,28"
370172,"No Time to Die","Bond has left active service and is enjoying a tranquil life in Jamaica. His peace is short-lived when his old friend Felix Leiter from the CIA turns up asking for help. The mission to rescue a kidnapped scientist turns out to be far more treacherous than expected, leading Bond onto the trail of a mysterious villain armed with dangerous new technology.","2021-09-29",27.0162,7.339,7409,"28,53,12"
49051,"The Hobbit: An Unexpected Journey","Bilbo Baggins, a hobbit enjoying his quiet life, is swept into an epic quest by Gandalf the Grey and thirteen dwarves who seek to reclaim their mountain home from Smaug, the dragon.","2012-12-12",28.3716,7.383,20118,"12,14,28"
10331,"Night of the Living Dead","A ragtag group barricade themselves in an old Pennsylvania farmhouse to remain safe from a horde of flesh-eating ghouls ravaging the Northeast.","1968-10-04",26.3469,7.605,2839,"27,53,878"
687259,"Ghost Stories","","1982-01-01",27.5274,6.2,2,"27"
12153,"White Chicks","Two FBI agent brothers, Marcus and Kevin Copeland, accidentally foil a drug bust. To avoid being fired they accept a mission escorting a pair of socialites to the Hamptons--but when the girls are disfigured in a car accident, they refuse to go. Left without options, Marcus and Kevin decide to pose as the sisters, transforming themselves from black men into rich white women.","2004-06-23",30.119,6.965,4763,"35,80"
299537,"Captain Marvel","The story follows Carol Danvers as she becomes one of the universe’s most powerful heroes when Earth is caught in the middle of a galactic war between two alien races. Set in the 1990s, Captain Marvel is an all-new adventure from a previously unseen period in the history of the Marvel Cinematic Universe.","2019-03-06",25.7892,6.77,17190,"28,12,878"
1514863,"Best of the Best","Two childhood besties join UCLA's competitive Bollywood-fusion dance team, only to find the road to the US championships is fiercer than they imagined.","2026-09-18",27.0114,5.3,71,"35"
823464,"Godzilla x Kong: The New Empire","Following their explosive showdown, Godzilla and Kong must reunite against a colossal undiscovered threat hidden within our world, challenging their very existence – and our own.","2024-03-27",25.8585,7.034,4877,"28,12,878"
1516724,"Good Vibes Only","Based on the true story of a married couple who invented a groundbreaking sex toy heralded as forever changing the way women experience pleasure.","2026-05-06",22.3221,6.2,53,"35"
1564614,"Leviticus","Two teenage boys must escape a violent entity that takes the form of the person they desire most:  each other.","2026-06-17",25.2558,6.78,539,"27,10749"
507086,"Jurassic World Dominion","Four years after Isla Nublar was destroyed, dinosaurs now live—and hunt—alongside humans all over the world. This fragile balance will reshape the future and determine, once and for all, whether human beings are to remain the apex predators on a planet they now share with history's most fearsome creatures.","2022-06-01",26.6984,6.589,7306,"12,878,53"
111,"Scarface","After getting a green card in exchange for assassinating a Cuban government official, Tony Montana stakes a claim on the drug trade in Miami. Viciously murdering anyone who stands in his way, Tony eventually becomes the biggest drug lord in the state, controlling nearly all the cocaine that comes through Miami. But increased pressure from the police, wars with Colombian drug cartels and his own drug-fueled paranoia serve to fuel the flames of his eventual downfall.","1983-12-09",26.3989,8.2,13478,"28,80,18"
447332,"A Quiet Place","A family is forced to live in silence while hiding from creatures that hunt by sound.","2018-04-03",25.2368,7.395,15759,"27,18,878"
1613798,"Vengeance","The brutal murder of the wife of “Toro,” a military hero in the special forces, turns him into a man with a single purpose: revenge. After a stroke of fate makes him a millionaire, Carlos transforms his fortune into an arsenal and, together with his closest soldiers, sets out to hunt down those responsible.","2026-02-26",25.2595,7.508,318,"28,53"
454626,"Sonic the Hedgehog","Powered with incredible speed, Sonic The Hedgehog embraces his new home on Earth. That is, until Sonic sparks the attention of super-uncool evil genius Dr. Robotnik. Now it’s super-villain vs. super-sonic in an all-out race across the globe to stop Robotnik from using Sonic’s unique power for world domination.","2020-02-12",25.6777,7.267,10606,"28,878,35,10751"
1011985,"Kung Fu Panda 4","Po is gearing up to become the spiritual leader of his Valley of Peace, but also needs someone to take his place as Dragon Warrior. As such, he will train a new kung fu practitioner for the spot and will encounter a villain called the Chameleon who conjures villains from the past.","2024-03-02",24.4304,6.993,3697,"16,35,12,28,10751"
696506,"Mickey 17","Unlikely hero Mickey Barnes finds himself in the extraordinary circumstance of working for an employer who demands the ultimate commitment to the job… to die, for a living.","2025-02-28",26.7594,6.824,4010,"878,35,12"
718930,"Bullet Train","Unlucky assassin Ladybug is determined to do his job peacefully after one too many gigs gone off the rails. Fate, however, may have other plans, as Ladybug's latest mission puts him on a collision course with lethal adversaries from around the globe—all with connected, yet conflicting, objectives—on the world's fastest train.","2022-07-20",28.8125,7.406,7967,"28,35,53"
68726,"Pacific Rim","Using massive piloted robots to combat the alien threat, Earth's survivors take the fight to the invading alien force lurking in the depths of the Pacific Ocean. Nearly defenseless in the face of the relentless enemy, the forces of mankind have no choice but to turn to two unlikely heroes who now stand as Earth's final hope against the mounting apocalypse.","2013-07-11",28.0174,6.95,13851,"28,878,12"
85,"Raiders of the Lost Ark","When Dr. Indiana Jones – the tweed-suited professor who just happens to be a celebrated archaeologist – is hired by the government to locate the legendary Ark of the Covenant, he finds himself up against the entire Nazi regime.","1981-06-12",26.8781,7.927,14035,"12,28"
629542,"The Bad Guys","When the Bad Guys, a crew of criminal animals, are finally caught after years of heists and being the world’s most-wanted villains, Mr. Wolf brokers a deal to save them all from prison.","2022-03-17",25.3687,7.512,2687,"28,12,16,35,80,10751"
9502,"Kung Fu Panda","Chosen by prophecy but doubted by all, Po is an unlikely choice for the mystical title of the Dragon Warrior—a clumsy panda thrust into the world of kung fu as a deadly enemy threatens the Valley of Peace. Under reluctant guidance by Master Shifu and the Furious Five, Po must embrace who he is to unlock the power that no scroll can teach.","2008-06-04",26.268,7.339,13030,"28,16,35,10751"
615656,"Meg 2: The Trench","An exploratory dive into the deepest depths of the ocean of a daring research team spirals into chaos when a malevolent mining operation threatens their mission and forces them into a high-stakes battle for survival.","2023-08-02",25.04,6.356,4126,"28,878,27"
1279493,"The Get Out","A nightclub owner is on the verge of leaving his dangerous past behind for retirement with his girlfriend. When masked gunmen rob him and he finds himself squeezed by ruthless cartels, a mysterious newcomer arrives with an interest in buying the business. With danger closing in from all sides, he must navigate a deadly web of deception, power, and survival  -  where escape may no longer be an option.","2026-06-18",23.8544,6,99,"28,53"
566525,"Shang-Chi and the Legend of the Ten Rings","Shang-Chi must confront the past he thought he left behind when he is drawn into the web of the mysterious Ten Rings organization.","2021-09-01",25.0928,7.485,10773,"28,12,14"
77338,"The Intouchables","A true story of two men who should never have met – a quadriplegic aristocrat who was injured in a paragliding accident and a young man from the projects.","2011-11-02",25.5598,8.272,18867,"18,35"
7518,"Over the Hedge","A scheming raccoon fools a mismatched family of forest creatures into helping him repay a debt of food, by invading the new suburban sprawl that popped up while they were hibernating – and learns a lesson about family himself.","2006-05-17",27.5157,6.609,4993,"12,16,35,10751"
345,"Eyes Wide Shut","After Dr. Bill Harford's wife, Alice, admits to having sexual fantasies about a man she met, Bill becomes obsessed with having a sexual encounter. He discovers an underground sexual group and attends one of their meetings -- and quickly discovers that he is in over his head.","1999-07-16",25.8534,7.5,7338,"18,53,9648"
667538,"Transformers: Rise of the Beasts","When a new threat capable of destroying the entire planet emerges, Optimus Prime and the Autobots must team up with a powerful faction known as the Maximals. With the fate of humanity hanging in the balance, humans Noah and Elena will do whatever it takes to help the Transformers as they engage in the ultimate battle to save Earth.","2023-06-06",25.062,7.16,5442,"878,12,28"
57800,"Ice Age: Continental Drift","Manny, Diego, and Sid embark upon another adventure after their continent is set adrift. Using an iceberg as a ship, they encounter sea creatures and battle pirates as they explore a new world.","2012-06-27",24.6241,6.394,8293,"16,35,12,10751"
522627,"The Gentlemen","American expat Mickey Pearson has built a highly profitable marijuana empire in London. When word gets out that he’s looking to cash out of the business forever it triggers plots, schemes, bribery and blackmail in an attempt to steal his domain out from under him.","2020-01-01",30.301,7.658,6918,"28,35,80"
505642,"Black Panther: Wakanda Forever","Queen Ramonda, Shuri, M’Baku, Okoye and the Dora Milaje fight to protect their nation from intervening world powers in the wake of King T’Challa’s death.  As the Wakandans strive to embrace their next chapter, the heroes must band together with the help of War Dog Nakia and Everett Ross and forge a new path for the kingdom of Wakanda.","2022-11-09",27.8074,6.99,7815,"28,12,878"
75656,"Now You See Me","An FBI agent and an Interpol detective track a team of illusionists who pull off bank heists during their performances and reward their audiences with the money.","2013-05-29",26.1206,7.324,17164,"53,80"
1612018,"Jackass: Best and Last","The fifth and final installment to Jackass franchise where the crew go on one last insane crusade.","2026-06-25",23.1651,7.4,258,"28,35,99"
1668364,"Desire","Lucero’s life appears immaculate: a wealthy household, a devoted husband, and two children who embody the promise of a perfect family. Yet beneath this surface simmers a quiet dissatisfaction. When Matías, a young swimming coach hired by her husband, enters their lives, Lucero finds herself pulled into a risky and consuming relationship. As secrecy, desire, and jealousy tighten their grip, the boundaries within the family begin to collapse, placing mother and daughter in a dangerous emotional triangle that threatens to shatter everything Lucero has built.","2026-05-07",24.6039,6.7,258,"9648,18"
1857,"The Transformers: The Movie","The Autobots must stop a colossal planet-consuming robot who goes after the Autobot Matrix of Leadership. At the same time, they must defend themselves against an all-out attack from the Decepticons.","1986-08-08",28.0065,7.149,645,"16,878,28,12,10751"
131634,"The Hunger Games: Mockingjay - Part 2","As the war between the Capitol and the districts reaches its peak, Katniss Everdeen embarks on a perilous mission to liberate Panem and confront President Snow. Joined by a team of trusted allies, she navigates deadly traps, shifting loyalties, and the heavy cost of rebellion, determined to bring freedom to her people and end the Hunger Games once and for all.","2015-11-18",26.2796,6.897,13619,"28,12,878"
1266800,"The Desert Child","14-year-old Sun has written and successfully published a story based on an incredible story told by her late grandfather about a wild child called Hadara, who is saved by a group of ostriches when he becomes separated from his family in a storm, and is then raised in the desert amid a host of wild animals, including his best friend, a desert fox. When Sun is invited to travel to the Sahara by a local community who has heard about her book, she meets Kharouba, a Nomad girl of her own age, and realizes there may be much more to Hadara than just a character in a bedtime story.","2026-04-08",23.9258,7.4,30,"12,10751"
286217,"The Martian","During a manned mission to Mars, Astronaut Mark Watney is presumed dead after a fierce storm and left behind by his crew. But Watney has survived and finds himself stranded and alone on the hostile planet. With only meager supplies, he must draw upon his ingenuity, wit and spirit to subsist and find a way to signal to Earth that he is alive.","2015-09-30",29.7725,7.708,21867,"878,18,12"
359410,"Road House","Ex-UFC fighter Dalton takes a job as a bouncer at a Florida Keys roadhouse, only to discover that this paradise is not all it seems.","2024-03-08",25.7004,6.936,3254,"28,53,18"
1244492,"Look Back","Popular, outgoing Fujino is celebrated by her classmates for her funny comics in the class newspaper. One day, her teacher asks her to share the space with Kyomoto, a truant recluse whose beautiful artwork sparks a competitive fervor in Fujino. What starts as jealousy transforms when Fujino realizes their shared passion for drawing.","2024-06-28",26.4588,8.179,679,"16,18"
940551,"Migration","After a migrating duck family alights on their pond with thrilling tales of far-flung places, the Mallard family embarks on a family road trip, from New England, to New York City, to tropical Jamaica.","2023-12-06",24.6836,7.356,2327,"10751,35,12,16"
799583,"The Ministry of Ungentlemanly Warfare","During World War II, the British Army assigns a group of competent soldiers to carry out a mission against the Nazi forces behind enemy lines... A true story about a secret British WWII organization — the Special Operations Executive. Founded by Winston Churchill, their irregular warfare against the Germans helped to change the course of the war, and gave birth to modern black operations.","2024-04-18",24.449,6.997,2091,"28,35,10752"
1656489,"Sultana","Sultana is a drama set in Istanbul's one and only strip club, telling a story of a women, power, rivalry and solidarity. A new Turkish story where women are not victims in a fairy tale, but warriors learning that the 'handsome prince' is often the real monster- and their only salvation is each other. Meral the long reigning queen of the one and only strip club of Istanbul which is Sultana, takes a talented new Belarusian dancer named Anna under her wing. But she soon realizes she has created a rival powerful enough to replace her, and a ruthless power struggle erupts between the two women.","2026-04-17",24.1807,7.286,7,"18,10402"
290098,"The Handmaiden","1930s Korea, in the period of Japanese occupation, a new girl, Sook-hee, is hired as a handmaiden to a Japanese heiress, Hideko, who lives a secluded life on a large countryside estate with her domineering Uncle Kouzuki. But the maid has a secret. She is a pickpocket recruited by a swindler posing as a Japanese Count to help him seduce the Lady to steal her fortune.","2016-06-01",25.0467,8.176,4509,"53,18,10749"
578,"Jaws","When the seaside community of Amity finds itself under attack by a dangerous great white shark, the town's chief of police, a young marine biologist, and a grizzled shark hunter embark on a desperate quest to kill the beast before it strikes again.","1975-06-20",24.6748,7.687,11893,"27,53,12"
508947,"Turning Red","Thirteen-year-old Mei is experiencing the awkwardness of being a teenager with a twist – when she gets too excited, she transforms into a giant red panda.","2022-03-10",25.7508,7.328,6055,"16,10751,35,14"
10020,"Beauty and the Beast","Follow the adventures of Belle, a bright young woman who finds herself in the castle of a prince who's been turned into a mysterious beast. With the help of the castle's enchanted staff, Belle soon learns the most important lesson of all -- that true beauty comes from within.","1991-10-22",24.2643,7.723,10912,"10749,10751,16,14"
8355,"Ice Age: Dawn of the Dinosaurs","Times are changing for Manny the moody mammoth, Sid the motor mouthed sloth and Diego the crafty saber-toothed tiger. Life heats up for our heroes when they meet some new and none-too-friendly neighbors – the mighty dinosaurs.","2009-06-26",24.5924,6.778,9092,"16,35,10751,12"
329865,"Arrival","Taking place after alien crafts land around the world, an expert linguist is recruited by the military to determine whether they come in peace or are a threat.","2016-11-10",26.8023,7.634,19929,"18,878,9648"
209112,"Batman v Superman: Dawn of Justice","Fearing the actions of a god-like Super Hero left unchecked, Gotham City’s own formidable, forceful vigilante takes on Metropolis’s most revered, modern-day savior, while the world wrestles with what sort of hero it really needs. And with Batman and Superman at war with one another, a new threat quickly arises, putting mankind in greater danger than it’s ever known before.","2016-03-23",26.6162,6.012,19407,"28,12,14"
10144,"The Little Mermaid","This colorful adventure tells the story of an impetuous mermaid princess named Ariel who falls in love with the very human Prince Eric and puts everything on the line for the chance to be with him. Memorable songs and characters -- including the villainous sea witch Ursula.","1989-11-17",25.7806,7.352,8581,"16,10751,14"
1084187,"Pretty Lethal","A troupe of ballerinas find themselves fighting for survival as they attempt to escape from a remote inn after their bus breaks down on the way to a dance competition.","2026-03-13",26.0212,6.774,513,"28,53,27"
1038392,"The Conjuring: Last Rites","Paranormal investigators Ed and Lorraine Warren take on one last terrifying case involving mysterious entities they must confront.","2025-09-03",26.862,6.9,2153,"27"
1376856,"The Paradise","In 1980s Secunderabad, a marginalized tribe battles discrimination and fights for citizenship under an unexpected leader's guidance, challenging systemic oppression.","2026-09-23",25.8195,5.6,5,"28,53,18"
62,"2001: A Space Odyssey","Humanity finds a mysterious object buried beneath the lunar surface and sets off to find its origins with the help of HAL 9000, the world's most advanced super computer.","1968-04-02",27.7014,8.044,12983,"878,9648,12"
137051,"Midnight Matinee","Even though a devastating murder took place during a small town's horror film festival two years earlier, townspeople want another festival.","1988-10-12",40.9092,5.4,7,"27,9648,53,10770"
101,"Léon: The Professional","Léon, the top hit man in New York, has earned a rep as an effective ""cleaner"". But when his next-door neighbors are wiped out by a loose-cannon DEA agent, he becomes the unwilling custodian of 12-year-old Mathilda. Before long, Mathilda's thoughts turn to revenge, and she considers following in Léon's footsteps.","1994-09-14",28.7453,8.289,16574,"80,18,28"
281957,"The Revenant","In the 1820s, a frontiersman, Hugh Glass, sets out on a path of vengeance against those who left him for dead after a bear mauling.","2015-12-25",25.513,7.541,19751,"37,18,12"
1288341,"Seven Snipers","When a former elite sniper is hunted down by the ruthless warlord who once held her captive, she must fight to the death to protect the daughter she has raised in hiding, on a remote Australian farm.","2026-04-30",21.2745,6,141,"28,53"
1306368,"The Rip","Trust frays when a team of Miami cops discovers millions in cash inside a run-down stash house, calling everyone — and everything — into question.","2026-01-13",24.208,7.1,1948,"28,53,80"
1272837,"28 Years Later: The Bone Temple","Dr. Kelson finds himself in a shocking new relationship - with consequences that could change the world as they know it - and Spike's encounter with Jimmy Crystal becomes a nightmare he can't escape.","2026-01-14",23.2653,7.088,1786,"27,53,878"
49519,"The Croods","The prehistoric Croods family live in a particularly dangerous moment in time. Patriarch Grug, his mate Ugga, teenage daughter Eep, son Thunk, and feisty Gran gather food by day and huddle together in a cave at night. When a more evolved caveman named Guy arrives on the scene, Grug is distrustful, but it soon becomes apparent that Guy is correct about the impending destruction of their world.","2013-03-15",24.4164,6.949,7724,"16,12,10751,35"
102382,"The Amazing Spider-Man 2","For Peter Parker, life is busy. Between taking out the bad guys as Spider-Man and spending time with the person he loves, Gwen Stacy, high school graduation cannot come quickly enough. Peter has not forgotten about the promise he made to Gwen’s father to protect her by staying away, but that is a promise he cannot keep. Things will change for Peter when a new villain, Electro, emerges, an old friend, Harry Osborn, returns, and Peter uncovers new clues about his past.","2014-04-16",25.5432,6.562,14780,"28,12,878"
4348,"Pride & Prejudice","A story of love and life among the landed English gentry during the Georgian era. Mr. Bennet is a gentleman living in Hertfordshire with his overbearing wife and five daughters, but if he dies their house will be inherited by a distant cousin whom they have never met, so the family's future happiness and security is dependent on the daughters making good marriages.","2005-09-16",26.7593,8.052,8970,"18,10749"
351286,"Jurassic World: Fallen Kingdom","Three years after Jurassic World was destroyed, Isla Nublar now sits abandoned. When the island's dormant volcano begins roaring to life, Owen and Claire mount a campaign to rescue the remaining dinosaurs from this extinction-level event.","2018-06-06",24.5555,6.523,13036,"12,878,53"
207703,"Kingsman: The Secret Service","The story of a super-secret spy organization that recruits an unrefined but promising street kid into the agency's ultra-competitive training program just as a global threat emerges from a twisted tech genius.","2015-01-24",24.1987,7.617,18201,"80,35,28"
18240,"The Proposal","When she learns she's in danger of losing her visa status and being deported, overbearing book editor Margaret Tate forces her put-upon assistant, Andrew Paxton, to marry her.","2009-06-02",24.5598,7.181,7800,"35,10749,18"
1233575,"Black Bag","When intelligence agent Kathryn Woodhouse is suspected of betraying the nation, her husband – also a legendary agent – faces the ultimate test of whether to be loyal to his marriage, or his country.","2025-03-12",24.6016,6.374,1393,"18,9648,53"
1180894,"Under Your Feet","Isabel moves with her two children into a very prestigious building that has a very peculiar admission method but at a very affordable rental fee. Once approved and settled, three elderly neighbors from the lower floor will turn their lives upside down.","2026-02-19",21.243,5.2,30,"27"
489,"Good Will Hunting","Will Hunting is a headstrong, working-class genius who is failing the lessons of life. After one too many run-ins with the law, Will's last chance is a psychology professor, who might be the only man who can reach him.","1997-12-05",23.8759,8.165,14356,"18"
1318621,"Descendants: Wicked Wonderland","Now that the Queen of Hearts is nice and Cinderella is safe, things seem perfect for Red and Chloe… But little do they know that changing the past created a new villain — Maddox Hatter. When Maddox captures the Queen of Hearts, Red and Chloe must work alongside Red’s new sister Pink, Luisa Madrigal’s son Luis, and Maddox’s son Max to save her and Wonderland.","2026-07-16",22.7289,7.484,184,"14,10770,10751,12"
609681,"The Marvels","When her duties send her to an anomalous wormhole linked to a Kree revolutionary, Carol's powers become entangled with that of Jersey City super-fan Kamala Khan, aka Ms. Marvel, and Carol's estranged niece, now S.A.B.E.R. astronaut Captain Monica Rambeau. Together, this unlikely trio must team up and learn to work in concert to save the universe.","2023-11-08",23.9336,5.9,3661,"878,12,28"
78,"Blade Runner","In the smog-choked dystopian Los Angeles of 2019, blade runner Rick Deckard is called out of retirement to terminate a quartet of replicants who have escaped to Earth seeking their creator for a way to extend their short life spans.","1982-06-25",24.8464,7.936,15451,"878,18,53"
181812,"Star Wars: The Rise of Skywalker","The surviving Resistance faces the First Order once again as the journey of Rey, Finn and Poe Dameron continues. With the power and knowledge of generations behind them, the final battle begins.","2019-12-18",26.952,6.246,11186,"12,28,878"
9820,"The Parent Trap","Hallie Parker and Annie James are identical twins who were separated at a young age due to their parents' divorce. Unbeknownst to their parents, the girls are sent to the same summer camp, where they meet, discover the truth about their relationship, and come up with a plan to switch places in an effort to reunite their mother and father.","1998-07-28",23.9737,7.2,4661,"35,10751,10749"
1084199,"Companion","During a weekend getaway at a secluded lakeside estate, a group of friends finds themselves entangled in a web of secrets, deception, and advanced technology. As tensions rise and loyalties are tested, they uncover unsettling truths about themselves and the world around them.","2025-01-22",23.7622,7,2672,"27,878,53"
278154,"Ice Age: Collision Course","Set after the events of Continental Drift, Scrat's epic pursuit of his elusive acorn catapults him outside of Earth, where he accidentally sets off a series of cosmic events that transform and threaten the planet. To save themselves from peril, Manny, Sid, Diego, and the rest of the herd leave their home and embark on a quest full of thrills and spills, highs and lows, laughter and adventure while traveling to exotic new lands and locations.","2016-06-23",27.2853,6.121,4995,"12,16,10751,35,878"
381284,"Hidden Figures","The untold story of Katherine G. Johnson, Dorothy Vaughan and Mary Jackson – brilliant African-American women working at NASA and serving as the brains behind one of the greatest operations in history – the launch of astronaut John Glenn into orbit. The visionary trio crossed all gender and race lines to inspire generations to dream big.","2016-12-10",25.0649,8.049,10689,"18,36"
82702,"How to Train Your Dragon 2","Five years after uniting the dragons and Vikings of Berk, Hiccup and Toothless soar beyond their homeland, charting the vast unknown. During one of their adventures, the pair discover a secret cave that houses hundreds of wild dragons—and a mysterious dragon rider with a startling connection to Hiccup. And as the ruthless conqueror Drago Bludvist rises to seize control of both dragons and people alike, Hiccup must step into his role as a true leader and, alongside his friends and Toothless, protect Berk from a devastating war.","2014-06-05",22.42,7.685,10696,"14,28,12,16,10751"
1598766,"Crayon Shin-chan the Movie: Very Bizarre! My Yokai Vacation","Shin-chan and his family visit his father's home town of Akita in order to view the Omagari Fireworks Festival. When a strange incident to causes the residents of “Yokai Land” to begin running wild throughout Akita and the rest of Japan, Shin-chan and company are lured to “Yokai Land” for an unusual adventure.","2026-07-31",22.8888,0,0,"12,16,35"
6977,"No Country for Old Men","Llewelyn Moss stumbles upon dead bodies, $2 million and a hoard of heroin in a Texas desert, but methodical killer Anton Chigurh comes looking for it, with local sheriff Ed Tom Bell hot on his trail. The roles of prey and predator blur as the violent pursuit of money and justice collide.","2007-11-09",24.748,7.951,13823,"80,53,37"
118,"Charlie and the Chocolate Factory","A young boy wins a tour through the most magnificent chocolate factory in the world, led by the world's most unusual candy maker.","2005-07-13",23.3934,7.036,16416,"12,35,10751,14"
1175942,"The Bad Guys 2","The now-reformed Bad Guys are trying (very, very hard) to be good, but instead find themselves hijacked into a high-stakes, globe-trotting heist, masterminded by a new team of criminals they never saw coming: The Bad Girls.","2025-07-24",23.3809,7.627,909,"10751,35,80,12,16,28"
745,"The Sixth Sense","Following an unexpected tragedy, child psychologist Malcolm Crowe meets a nine year old boy named Cole Sear, who is hiding a dark secret.","1999-08-06",24.6879,7.955,13366,"9648,53,18"
260513,"Incredibles 2","Elastigirl springs into action to save the day, while Mr. Incredible faces his greatest challenge yet – taking care of the problems of his three children.","2018-06-14",24.5379,7.453,13971,"28,12,16,10751"
1159831,"The Bride!","A lonely Frankenstein travels to 1930s Chicago to ask groundbreaking scientist Dr. Euphronious to create a companion for him. The two revive a murdered young woman and The Bride is born. But what ensues is beyond what either of them imagined.","2026-03-04",23.0441,6.118,668,"878,27,14"
9487,"A Bug's Life","On behalf of ""oppressed bugs everywhere,"" an inventive ant named Flik hires a troupe of warrior bugs to defend his bustling colony from a horde of freeloading grasshoppers led by the evil-minded Hopper.","1998-11-25",23.0621,7,9936,"12,16,35,10751"
166426,"Pirates of the Caribbean: Dead Men Tell No Tales","Thrust into an all-new adventure, a down-on-his-luck Capt. Jack Sparrow feels the winds of ill-fortune blowing even more strongly when deadly ghost sailors led by his old nemesis, the evil Capt. Salazar, escape from the Devil's Triangle. Jack's only hope of survival lies in seeking out the legendary Trident of Poseidon, but to find it, he must forge an uneasy alliance with a brilliant and beautiful astronomer and a headstrong young man in the British navy.","2017-05-23",23.9728,6.664,13095,"12,28,14"
216156,"Still Life","A council case worker looks for the relatives of those found dead and alone.","2013-11-28",21.6673,7.5,416,"18"
324552,"John Wick: Chapter 2","John Wick is forced out of retirement by a former associate looking to seize control of a shadowy international assassins’ guild. Bound by a blood oath to aid him, Wick travels to Rome and does battle against some of the world’s most dangerous killers.","2017-02-08",24.1554,7.346,14657,"28,53,80"
698687,"Transformers One","The untold origin story of Optimus Prime and Megatron, better known as sworn enemies, but once were friends bonded like brothers who changed the fate of Cybertron forever.","2024-09-11",23.4793,8,1787,"16,878,12,10751"
1317288,"Marty Supreme","Marty Mauser, a young man with a dream no one respects, goes to hell and back in pursuit of greatness.","2025-12-19",25.3533,7.367,2232,"18,53"
12155,"Alice in Wonderland","Alice, now 19 years old, returns to the whimsical world she first entered as a child and embarks on a journey to discover her true destiny.","2010-03-03",24.7879,6.642,15076,"10751,14,12"
1214028,"Kangaroo","Ex TV personality, Chris Masterman, becomes stranded in an Outback town outside Alice Springs. There, he teams up with 12-year-old Indigenous girl Charlie. The pair form an unlikely friendship and work together to rescue and rehabilitate orphaned joeys in the remote but stunning Outback community—an endeavour that proves to be life-changing for them both.","2025-08-21",21.1777,6.8,41,"10751,35"
954,"Mission: Impossible","When Ethan Hunt, the leader of a crack espionage team whose perilous operation has gone awry with no explanation, discovers that a mole has penetrated the CIA, he's surprised to learn that he's the prime suspect. To clear his name, Hunt now must ferret out the real double agent and, in the process, even the score.","1996-05-22",23.8586,7.03,10296,"12,28,53"
80321,"Madagascar 3: Europe's Most Wanted","Animal pals Alex, Marty, Melman, and Gloria are still trying to make it back to New York's Central Park Zoo. They are forced to take a detour to Europe to find the penguins and chimps who broke the bank at a Monte Carlo casino. When French animal-control officer Capitaine Chantel DuBois picks up their scent, Alex and company are forced to hide out in a traveling circus.","2012-06-06",22.7022,6.651,6744,"16,10751,35,12"
1576,"Resident Evil","When a virus leaks from a top-secret facility, turning all resident researchers into ravenous zombies and their lab animals into mutated hounds from hell, the government sends in an elite military task force to contain the outbreak.","2002-03-15",22.9938,6.675,7194,"27,28,878"
170,"28 Days Later","Twenty-eight days after a killer virus was accidentally unleashed from a British research facility, a small group of London survivors are caught in a desperate struggle to protect themselves from the infected. Carried by animals and humans, the virus turns those it infects into homicidal maniacs -- and it's absolutely impossible to contain.","2002-10-31",24.9014,7.245,8911,"27,53,878"
28,"Apocalypse Now","At the height of the Vietnam war, Captain Benjamin Willard is sent on a dangerous mission that, officially, ""does not exist, nor will it ever exist."" His goal is to locate - and eliminate - a mysterious Green Beret Colonel named Walter Kurtz, who has been leading his personal army on illegal guerrilla missions into enemy territory.","1979-05-19",22.9929,8.261,9408,"18,10752"
49018,"Insidious","A family discovers that dark spirits have invaded their home after their son inexplicably falls into an endless sleep. When they reach out to a professional for help, they learn things are a lot more personal than they thought.","2011-03-31",22.7381,6.958,7629,"27,53"
640146,"Ant-Man and the Wasp: Quantumania","Super-Hero partners Scott Lang and Hope van Dyne, along with with Hope's parents Janet van Dyne and Hank Pym, and Scott's daughter Cassie Lang, find themselves exploring the Quantum Realm, interacting with strange new creatures and embarking on an adventure that will push them beyond the limits of what they thought possible.","2023-02-15",23.99,6.21,6130,"28,12,878"
500,"Reservoir Dogs","A botched robbery indicates a police informant, and the pressure mounts in the aftermath at a warehouse. Crime begets violence as the survivors -- veteran Mr. White, newcomer Mr. Orange, psychopathic parolee Mr. Blonde, bickering weasel Mr. Pink and Nice Guy Eddie -- unravel.","1992-09-02",24.4557,8.1,15861,"80,53"
760104,"X","In 1979, a group of young filmmakers set out to make an adult film in rural Texas, but when their reclusive, elderly hosts catch them in the act, the cast find themselves fighting for their lives.","2022-03-17",23.0315,6.703,4151,"27"
