"movie_id","person_id","person_name","relationship"
969681,1136406,"Tom Holland","actor"
969681,505710,"Zendaya","actor"
969681,103,"Mark Ruffalo","actor"
969681,19498,"Jon Bernthal","actor"
969681,1649152,"Jacob Batalon","actor"
969681,1590797,"Sadie Sink","actor"
969681,1373737,"Florence Pugh","actor"
969681,59693,"Liza Colón-Zayas","actor"
969681,2028037,"Tramell Tillman","actor"
969681,3141,"Marisa Tomei","actor"
969681,1144604,"Destin Daniel Cretton","director"
1423191,148992,"Austin Abrams","actor"
1423191,1294982,"Paul Walter Hauser","actor"
1423191,3119545,"Kali Reis","actor"
1423191,1838225,"Zach Cherry","actor"
1423191,1169291,"Johnno Wilson","actor"
1423191,2445714,"Shaun W. Loeser","actor"
1423191,84833,"Zach Cregger","actor"
1423191,1362996,"Emily Piggford","actor"
1423191,1221073,"Will Merrick","actor"
1423191,5848547,"Zoé Bellas","actor"
1423191,84833,"Zach Cregger","director"
1101383,1813,"Anne Hathaway","actor"
1101383,3061,"Ewan McGregor","actor"
1101383,1104567,"Maisy Stella","actor"
1101383,1721268,"Christian Convery","actor"
1101383,1900828,"Jordan Alexa Davis","actor"
1101383,1211946,"P.J. Byrne","actor"
1101383,1488908,"Hudson Meek","actor"
1101383,156395,"Anne Gee Byrd","actor"
1101383,156511,"Emily Kuroda","actor"
1101383,4019851,"Simms May","actor"
1101383,558929,"David Robert Mitchell","director"
1368337,1892,"Matt Damon","actor"
1368337,1136406,"Tom Holland","actor"
1368337,1813,"Anne Hathaway","actor"
1368337,11288,"Robert Pattinson","actor"
1368337,1227717,"Himesh Patel","actor"
1368337,6885,"Charlize Theron","actor"
1368337,5723,"John Leguizamo","actor"
1368337,1978406,"Travis Scott","actor"
1368337,1154054,"Corey Hawkins","actor"
1368337,84706,"Jarreth J. Merz","actor"
1368337,525,"Christopher Nolan","director"
1032863,1136940,"Lili Reinhart","actor"
1032863,1364004,"Tom Bateman","actor"
1032863,2531244,"Rachel Marsh","actor"
1032863,1998733,"Jaboukie Young-White","actor"
1032863,3533641,"Nicholas Duvernay","actor"
1032863,2399904,"Arty Froushan","actor"
1032863,80184,"Jeananne Goossen","actor"
1032863,1796392,"Aladeen Tawfeek","actor"
1032863,1789637,"Kenny Wong","actor"
1032863,1212859,"Daniel Brochu","actor"
1032863,1296522,"Claire Scanlon","director"
1204680,62831,"Will Forte","actor"
1204680,1452046,"Lana Condor","actor"
1204680,56446,"John Cena","actor"
1204680,1120700,"Tone Bell","actor"
1204680,1572541,"Martha Kelly","actor"
1204680,40481,"Luis Guzmán","actor"
1204680,1211946,"P.J. Byrne","actor"
1204680,1542758,"John Early","actor"
1204680,110928,"Nancy Linehan Charles","actor"
1204680,41561,"Kenneth Choi","actor"
1204680,1101410,"Dave Green","director"
1294189,3896,"Liam Neeson","actor"
1294189,3141,"Marisa Tomei","actor"
1294189,10182,"Ving Rhames","actor"
1294189,19654,"Michael Chiklis","actor"
1294189,1224188,"Brett Tucker","actor"
1294189,1562086,"Stella Stocker","actor"
1294189,1254818,"Hamish Michael","actor"
1294189,222076,"Toby Truslove","actor"
1294189,217046,"Eddie Baroo","actor"
1294189,4056071,"Maurice Marvel Meredith","actor"
1294189,1416819,"Mark Vanselow","director"
1751701,4470046,"Michiel Rensen","actor"
1751701,4470041,"Maxie Li","actor"
1751701,6419648,"Riki Antonievich","actor"
1751701,6419649,"Will Clague","actor"
1751701,6419650,"Stephanie Ramlose","actor"
1751701,5394732,"Lee-Ann Dirks","actor"
1751701,1290158,"James Crompton","actor"
1751701,6419651,"Moehau Hodges-Tai","actor"
1751701,1472897,"Lisa Zhang","actor"
1751701,1778684,"Karlton Laing","actor"
1751701,4470046,"Michiel Rensen","director"
1751701,4470047,"Liam Carter","director"
1228834,69899,"Zachary Levi","actor"
1228834,3896,"Liam Neeson","actor"
1228834,51682,"Wes Chatham","actor"
1228834,39389,"Titus Welliver","actor"
1228834,103330,"Navid Negahban","actor"
1228834,1257563,"Annet Mahendru","actor"
1228834,1058027,"Grant Harvey","actor"
1228834,1456279,"Augusto Aguilera","actor"
1228834,35434,"Numan Acar","actor"
1228834,2114526,"Elnaaz Norouzi","actor"
1228834,145612,"Guy Moshe","director"
1288445,976,"Jason Statham","actor"
1288445,82809,"Annabelle Wallis","actor"
1288445,141876,"Roland Møller","actor"
1288445,178622,"Ramon Tikaram","actor"
1288445,1156305,"Arnas Fedaravičius","actor"
1288445,1033691,"Jason Wong","actor"
1288445,76215,"Adrian Lester","actor"
1288445,2223751,"Chaneil Kular","actor"
1288445,1712829,"Andrew John Tait","actor"
1288445,1917917,"Simon Kluth","actor"
1288445,58324,"Jean-François Richet","director"
1375646,63436,"Gianna Jun","actor"
1375646,1096458,"Koo Kyo-hwan","actor"
1375646,1253391,"Ji Chang-wook","actor"
1375646,3038410,"Kim Shin-rock","actor"
1375646,1254975,"Shin Hyun-been","actor"
1375646,85173,"Go Soo","actor"
1375646,2133923,"Lee Joong-ok","actor"
1375646,3134668,"Kim Jong-tae","actor"
1375646,2593824,"Hwang Jae-yeol","actor"
1375646,6233768,"Lee Dam-hee","actor"
1375646,939147,"Yeon Sang-ho","director"
1084244,3234,"Joan Cusack","actor"
1084244,31,"Tom Hanks","actor"
1084244,12898,"Tim Allen","actor"
1084244,81200,"Conan O'Brien","actor"
1084244,5374940,"Scarlett Spears","actor"
1084244,1260481,"Greta Lee","actor"
1084244,206869,"Shelby Rabara","actor"
1084244,1881140,"Mykal-Michelle Harris","actor"
1084244,64342,"Craig Robinson","actor"
1084244,19487,"Jay Hernandez","actor"
1084244,7,"Andrew Stanton","director"
1263337,287,"Brad Pitt","actor"
1263337,18999,"J.K. Simmons","actor"
1263337,2307481,"Anna Lambe","actor"
1263337,2846013,"Justin Melnick","actor"
1263337,6504999,"Shaun DeZern","actor"
1263337,19769,"David Ayer","director"
1607127,78110,"Scott Adkins","actor"
1607127,1102427,"Steven Cree","actor"
1607127,577478,"Hannah Ware","actor"
1607127,16644,"Dolph Lundgren","actor"
1607127,65198,"Kane Kosugi","actor"
1607127,583816,"Neil Linpow","actor"
1607127,56650,"Ray Fearon","actor"
1607127,5367087,"Tom Dunne","actor"
1607127,2242777,"Michel Curiel","actor"
1607127,4674281,"Tom Leigh","actor"
1607127,1088096,"James Nunn","director"
1492640,934,"Russell Crowe","actor"
1492640,1277188,"Jacob Tremblay","actor"
1492640,94185,"Shailene Woodley","actor"
1492640,82809,"Annabelle Wallis","actor"
1492640,23498,"Alexander Ludwig","actor"
1492640,212776,"Marc Menchaca","actor"
1492640,1336329,"Steven Ogg","actor"
1492640,7013,"Mark Camacho","actor"
1492640,2358880,"David Webster","actor"
1492640,7039,"Bruce Ramsay","actor"
1492640,118606,"Janus Metz","director"
1482547,57578,"MyAnna Buring","actor"
1482547,1190069,"Joseph Millson","actor"
1482547,9825,"Saffron Burrows","actor"
1482547,1477555,"Michael Amariah","actor"
1482547,3471358,"Silvia Presente","actor"
1482547,572295,"Howard J. Ford","director"
1377237,64295,"Alan Ritchson","actor"
1377237,887,"Owen Wilson","actor"
1377237,17289,"Rodrigo Santoro","actor"
1377237,1681867,"Leila George","actor"
1377237,1331024,"Kate Box","actor"
1377237,270,"Adriana Barraza","actor"
1377237,220914,"Peta Sergeant","actor"
1377237,4900411,"Scarlett Crabtree","actor"
1377237,131928,"Geraldine Hakewill","actor"
1377237,61784,"Goran D. Kleut","actor"
1377237,293911,"Scott Waugh","director"
1339713,1561370,"Michael Johnston","actor"
1339713,2638587,"Inde Navarrette","actor"
1339713,2823609,"Cooper Tomlinson","actor"
1339713,1519711,"Megan Lawless","actor"
1339713,28637,"Andy Richter","actor"
1339713,3095494,"Haley Fitzgerald","actor"
1339713,1352948,"Darin Toonder","actor"
1339713,4030428,"Anthony Pavone","actor"
1339713,3592074,"Justice","actor"
1339713,5618033,"Anthony Casabianca","actor"
1339713,2381985,"Curry Barker","director"
460458,115150,"Kaya Scodelario","actor"
460458,1408809,"Hannah John-Kamen","actor"
460458,1223726,"Robbie Amell","actor"
460458,1017294,"Tom Hopper","actor"
460458,212934,"Avan Jogia","actor"
460458,10825,"Donal Logue","actor"
460458,2203,"Neal McDonough","actor"
460458,1324591,"Lily Gao","actor"
460458,74678,"Chad Rook","actor"
460458,2551945,"Marina Mazepa","actor"
460458,100734,"Johannes Roberts","director"
1108427,4247263,"Catherine Lagaʻaia","actor"
1108427,18918,"Dwayne Johnson","actor"
1108427,7241,"Rena Owen","actor"
1108427,205406,"John Tui","actor"
1108427,1753341,"Frankie Adams","actor"
1108427,55936,"Jemaine Clement","actor"
1108427,6337289,"Emma Puahi-Shapazian","actor"
1108427,6337288,"Amaya Masoli","actor"
1108427,1869261,"Sam Puefua","actor"
1108427,6352141,"Sione Milford","actor"
1108427,1485823,"Thomas Kail","director"
1232569,5752734,"Jude Evan Lloyd","actor"
1232569,4916781,"Cameron Bell","actor"
1232569,3901,"Richard Brake","actor"
1232569,3909217,"Jessica Balmer","actor"
1232569,5692794,"Jack Art Gray","actor"
1232569,5139,"Robert Englund","actor"
1232569,185065,"Emma Tate","actor"
1232569,4438472,"Toni Olabanji","actor"
1232569,6363580,"Luca Marandola","actor"
1232569,5060873,"Karolina Ugrenyuk","actor"
1232569,3122176,"Rhys Frake-Waterfield","director"
1477712,1359997,"Ari Millen","actor"
1477712,2229334,"Charlie Zeltzer","actor"
1477712,4058530,"Shiloh O’Reilly","actor"
1477712,5813338,"Kiori Mirza Waldman","actor"
1477712,1516081,"Sarah Abbott","actor"
1477712,1356013,"Benjamin Byron Davis","actor"
1477712,139419,"Karen Cliche","actor"
1477712,4702557,"Dylan Hawco","actor"
1477712,16847,"Eli Roth","actor"
1477712,1450407,"Lorenzo Antonucci","actor"
1477712,16847,"Eli Roth","director"
299534,3223,"Robert Downey Jr.","actor"
299534,16828,"Chris Evans","actor"
299534,103,"Mark Ruffalo","actor"
299534,74568,"Chris Hemsworth","actor"
299534,1245,"Scarlett Johansson","actor"
299534,17604,"Jeremy Renner","actor"
299534,16851,"Josh Brolin","actor"
299534,1896,"Don Cheadle","actor"
299534,22226,"Paul Rudd","actor"
299534,71580,"Benedict Cumberbatch","actor"
299534,19272,"Joe Russo","director"
299534,19271,"Anthony Russo","director"
1240889,2559506,"Hannah Einbinder","actor"
1240889,12214,"Gillian Anderson","actor"
1240889,3054663,"Amanda Fix","actor"
1240889,3706720,"Arthur Conti","actor"
1240889,2425998,"Eva Victor","actor"
1240889,1838225,"Zach Cherry","actor"
1240889,2198504,"Sarah Sherman","actor"
1240889,52801,"Patrick Fischler","actor"
1240889,19152,"Dylan Baker","actor"
1240889,1508653,"Jasmin Savoy Brown","actor"
1240889,1827119,"Jane Schoenbrun","director"
1440098,2025252,"Ester Expósito","actor"
1440098,1720509,"Hugo Diego Garcia","actor"
1440098,1209572,"Pablo Molinero","actor"
1440098,1604,"Lluís Homar","actor"
1440098,1691348,"Joaquín Ferreira","actor"
1440098,3578018,"Zoe Bonafonte","actor"
1440098,6468000,"Majo Gámez","actor"
1440098,3343133,"João Bettencourt","actor"
1440098,2532676,"Leander Vyvey","actor"
1440098,2587055,"Eric Masip","actor"
1440098,2410810,"Óscar Pedraza","director"
1224993,74421,"Song Hye-kyo","actor"
1224993,2067860,"Jeon Yeo-bin","actor"
1224993,1299479,"Lee Jin-uk","actor"
1224993,2704194,"Moon Woo-jin","actor"
1224993,83637,"Huh Joon-ho","actor"
1224993,2003804,"Kim Guk-hee","actor"
1224993,2805080,"Shin Jae-whi","actor"
1224993,83014,"Gang Dong-won","actor"
1224993,3684067,"Han Dong-hee","actor"
1224993,17125,"Park Jeong-hak","actor"
1224993,146865,"Kwon Hyeok-jae","director"
1315772,124747,"Pierre Coffin","actor"
1315772,34517,"Trey Parker","actor"
1315772,27319,"Christoph Waltz","actor"
1315772,19,"Allison Janney","actor"
1315772,44735,"Jesse Eisenberg","actor"
1315772,1229,"Jeff Bridges","actor"
1315772,1059597,"Zoey Deutch","actor"
1315772,452205,"Bobby Moynihan","actor"
1315772,31549,"Phil LaMarr","actor"
1315772,1,"George Lucas","actor"
1315772,124747,"Pierre Coffin","director"
1422011,4004128,"Phinehas Yoon","actor"
1422011,5197161,"Akira Jackson","actor"
1422011,2973589,"Noah Toth","actor"
1422011,3830116,"Mitchell Cole","actor"
1422011,5874805,"Jenny Doyle","actor"
1422011,5874804,"Jon Linstad","actor"
1422011,5874809,"Ian Weir","actor"
1422011,5197159,"Alexander Ullom","actor"
1422011,2928579,"Antonio Andrés Rosello","actor"
1422011,4547169,"Dakota Shiver","actor"
1422011,5197159,"Alexander Ullom","director"
1083381,5294,"Chiwetel Ejiofor","actor"
1083381,1576786,"Renate Reinsve","actor"
1083381,1512452,"Finn Bennett","actor"
1083381,1709431,"Lukita Maxwell","actor"
1083381,45407,"Mark Duplass","actor"
1083381,212934,"Avan Jogia","actor"
1083381,4848549,"Robert Bobroczkyi","actor"
1083381,5725467,"Ember Ambrose","actor"
1083381,72482,"Krista Kosonen","actor"
1083381,64670,"Philip Granger","actor"
1083381,3688382,"Kane Parsons","director"
687163,30614,"Ryan Gosling","actor"
687163,7152,"Sandra Hüller","actor"
687163,2096164,"James Ortiz","actor"
687163,2320708,"Lionel Boyce","actor"
687163,1454946,"Milana Vayntrub","actor"
687163,2131,"Ken Leung","actor"
687163,3554544,"Priya Kansara","actor"
687163,1749206,"Mia Soteriou","actor"
687163,3074054,"Annelle Olaleye","actor"
687163,6080198,"Maya Eva Hosein","actor"
687163,107446,"Phil Lord","director"
687163,155267,"Christopher Miller","director"
1580190,2430202,"Liu Fengchao","actor"
1580190,2359960,"Fang Yan","actor"
1580190,2950162,"Huang Tao","actor"
1580190,5627035,"Yao Zhen","actor"
1580190,4222870,"Guo Feng","actor"
1580190,2739198,"Sun Cailun","actor"
1580190,1457880,"Chunyu Shanshan","actor"
1580190,1870908,"Qin Pengfei","director"
1580190,5814942,"Qi Jianyong","director"
755898,9778,"Ice Cube","actor"
755898,52605,"Eva Longoria","actor"
755898,9048,"Clark Gregg","actor"
755898,1632530,"Iman Benson","actor"
755898,60482,"Henry Hunter Hall","actor"
755898,90498,"Devon Bostick","actor"
755898,71402,"Andrea Savage","actor"
755898,98811,"Nicole Pulliam","actor"
755898,21710,"Michael O'Neill","actor"
755898,30697,"Jim Meskimen","actor"
755898,1634181,"Rich Lee","director"
1469930,4684137,"Callista Arum","actor"
1469930,1817145,"Kiesha Alvaro","actor"
1469930,1592070,"Karina Suwandi","actor"
1469930,2278761,"Eduwart Manalu","actor"
1469930,1157712,"Fuad Idris","actor"
1469930,4609472,"Agus Firmansyah","actor"
1469930,4790281,"Adi Sudirja","actor"
1469930,1283079,"Rendi Khrisna","actor"
1469930,4069880,"Raffan Al Aryan","actor"
1469930,5379585,"Cetul Leatherart","actor"
1469930,4061922,"Jeropoint","director"
82976,3783,"Brigitte Bardot","actor"
82976,6014,"Annie Girardot","actor"
82976,28262,"Jacques Duby","actor"
82976,24540,"Jean Carmet","actor"
82976,33723,"Jess Hahn","actor"
82976,70142,"Jacques Jouanneau","actor"
82976,12272,"Noël Roquevert","actor"
82976,13697,"Dominique Zardi","actor"
82976,24943,"Angelo Bardi","actor"
82976,71510,"Lucien Barjon","actor"
82976,19629,"Guy Casaril","director"
299536,3223,"Robert Downey Jr.","actor"
299536,16828,"Chris Evans","actor"
299536,74568,"Chris Hemsworth","actor"
299536,16851,"Josh Brolin","actor"
299536,103,"Mark Ruffalo","actor"
299536,1245,"Scarlett Johansson","actor"
299536,1896,"Don Cheadle","actor"
299536,71580,"Benedict Cumberbatch","actor"
299536,1136406,"Tom Holland","actor"
299536,172069,"Chadwick Boseman","actor"
299536,19271,"Anthony Russo","director"
299536,19272,"Joe Russo","director"
1641629,5441073,"Vittoria Di Savoia","actor"
1641629,6028736,"Lucas Barski","actor"
1641629,2477804,"Zoé Garcia","actor"
1641629,236119,"Léo Legrand","actor"
1641629,34259,"Jean-Yves Berteloot","actor"
1641629,984598,"Suliane Brahim","actor"
1641629,3220450,"Aymeric Fougeron","actor"
1641629,6486088,"Gabrielle Taittinger","actor"
1641629,2981576,"Bryan Trésor","actor"
1641629,4973900,"Aboubacar Bidanessy","actor"
1641629,223473,"Manon Gaurin","director"
1375441,11288,"Robert Pattinson","actor"
1375441,61263,"Skyler Gisondo","actor"
1375441,28044,"Merritt Wever","actor"
1375441,2344346,"Phoebe Bridgers","actor"
1375441,1232599,"Matthew Maher","actor"
1375441,71913,"Bokeem Woodbine","actor"
1375441,18355,"Alex Winter","actor"
1375441,1772,"Anna Faris","actor"
1375441,3707208,"Eric Rahill","actor"
1375441,963767,"Bill Heck","actor"
1375441,1405665,"Lance Oppenheim","director"
1323244,1631815,"Andrea Tivadar","actor"
1323244,1475710,"Jord Knotter","actor"
1323244,2385575,"Jack McEvoy","actor"
1323244,2037498,"Elijah Rowen","actor"
1323244,1613074,"Małgorzata Klara","actor"
1323244,2199010,"Mayu Gralińska Sakai","actor"
1323244,3036669,"Jakub Ormaniec","actor"
1323244,4858188,"Milena Grzybek","actor"
1323244,4858236,"Monika Gieron","actor"
1323244,4858241,"Natalia Filak","actor"
1323244,4858160,"Łukasz Róg","director"
1465063,2320763,"H.E.R.","actor"
1465063,1268847,"Liza Soberano","actor"
1465063,54697,"Dave Franco","actor"
1465063,213001,"Jenny Slate","actor"
1465063,1368795,"Manny Jacinto","actor"
1465063,15838,"Lea Salonga","actor"
1465063,1513304,"Dolly de Leon","actor"
1465063,114394,"Jo Koy","actor"
1465063,1319469,"Ronny Chieng","actor"
1465063,3815284,"Kevin McCann","actor"
1465063,3012833,"Januel Mercado","director"
1465063,1450348,"Joel Crawford","director"
1386315,90633,"Gal Gadot","actor"
1386315,20186,"Damian Lewis","actor"
1386315,5018970,"Rory Wilmot","actor"
1386315,234923,"Alfred Enoch","actor"
1386315,2967026,"Phoenix Di Sebastiani","actor"
1386315,3907201,"Nathan Kirby","actor"
1386315,3951796,"Hélder Fernandes","actor"
1386315,2465566,"Will Austin","actor"
1386315,2838016,"Mark Hampton","actor"
1386315,4103339,"Stevie Binns","actor"
1386315,17350,"Kevin Macdonald","director"
591634,1325716,"Ilana Glazer","actor"
591634,15009,"Justin Theroux","actor"
591634,517,"Pierce Brosnan","actor"
591634,1187540,"Zainab Jah","actor"
591634,15370,"Gretchen Mol","actor"
591634,54830,"Sophia Bush","actor"
591634,52419,"Josh Hamilton","actor"
591634,171727,"Kelly AuCoin","actor"
591634,1141384,"Lucy Walters","actor"
591634,1380651,"Sabina Gadecki","actor"
591634,1216197,"John Lee","director"
1275779,5081,"Emily Blunt","actor"
1275779,1206334,"Josh O'Connor","actor"
1275779,5472,"Colin Firth","actor"
1275779,933271,"Eve Hewson","actor"
1275779,91671,"Colman Domingo","actor"
1275779,986808,"Wyatt Russell","actor"
1275779,513677,"Henry Lloyd-Hughes","actor"
1275779,126713,"Elizabeth Marvel","actor"
1275779,1218184,"Hettienne Park","actor"
1275779,2088733,"Tommy Martinez","actor"
1275779,488,"Steven Spielberg","director"
335984,30614,"Ryan Gosling","actor"
335984,3,"Harrison Ford","actor"
335984,224513,"Ana de Armas","actor"
335984,543530,"Dave Bautista","actor"
335984,32,"Robin Wright","actor"
335984,104632,"Sylvia Hoeks","actor"
335984,1110405,"Mackenzie Davis","actor"
335984,7499,"Jared Leto","actor"
335984,1013973,"Carla Juri","actor"
335984,765,"Hiam Abbass","actor"
335984,137427,"Denis Villeneuve","director"
1185806,3572176,"Carter Young","actor"
1185806,1172108,"Mckenna Grace","actor"
1185806,53256,"Terry Crews","actor"
1185806,63606,"Meredith MacNeill","actor"
1185806,1227611,"Ron Pardo","actor"
1185806,15565,"Jennifer Hudson","actor"
1185806,5423400,"Hayden Chemberlen","actor"
1185806,1183672,"Fortune Feimster","actor"
1185806,1624816,"Jameela Jamil","actor"
1185806,3908744,"Rain Janjua","actor"
1185806,1098477,"Cal Brunker","director"
1130948,1371041,"Callum Turner","actor"
1130948,98522,"Riley Keough","actor"
1130948,478,"Jamie Bell","actor"
1130948,1371509,"Lukas Gage","actor"
1130948,72638,"Tracy Letts","actor"
1130948,18050,"Elle Fanning","actor"
1130948,6736,"Pamela Anderson","actor"
1130948,3623,"Elena Anaya","actor"
1130948,100657,"Lolo Herrero","actor"
1130948,2635246,"Teo Jansen","actor"
1130948,55018,"Karim Aïnouz","director"
1538457,1414019,"HipHop Tamizha Adhi","actor"
1538457,2994489,"Ketika Sharma","actor"
1538457,2488387,"Chaithra J Achar","actor"
1538457,4446230,"Ramya Ranganathan","actor"
1538457,4492069,"Harshath Khan","actor"
1538457,2034303,"Shah Ra","actor"
1538457,120949,"Karunas","actor"
1538457,130111,"Nassar","actor"
1538457,503842,"Aadukalam Naren","actor"
1538457,1187406,"Karunakaran","actor"
1538457,1414019,"HipHop Tamizha Adhi","director"
276488,15498,"Liam Cunningham","actor"
276488,122648,"Niall Greig Fulton","actor"
276488,92730,"Pollyanna McIntosh","actor"
276488,119095,"Douglas Russell","actor"
276488,567086,"Bryan Larkin","actor"
276488,1446564,"Hanna Stanbridge","actor"
276488,1446565,"Brian Vernel","actor"
276488,1446566,"James McCreadie","actor"
276488,1243493,"Jonathan Watson","actor"
276488,3253773,"Sophie Stephanie Farmer","actor"
276488,1364023,"Brian O'Malley","director"
83533,65731,"Sam Worthington","actor"
83533,8691,"Zoe Saldaña","actor"
83533,10205,"Sigourney Weaver","actor"
83533,32747,"Stephen Lang","actor"
83533,566331,"Oona Chaplin","actor"
83533,1895760,"Jack Champion","actor"
83533,204,"Kate Winslet","actor"
83533,7248,"Cliff Curtis","actor"
83533,59231,"Joel David Moore","actor"
83533,30485,"CCH Pounder","actor"
83533,2710,"James Cameron","director"
1003596,3223,"Robert Downey Jr.","actor"
1003596,16828,"Chris Evans","actor"
1003596,74568,"Chris Hemsworth","actor"
1003596,1253360,"Pedro Pascal","actor"
1003596,22226,"Paul Rudd","actor"
1003596,53650,"Anthony Mackie","actor"
1003596,1373737,"Florence Pugh","actor"
1003596,556356,"Vanessa Kirby","actor"
1003596,21042,"Ebon Moss-Bachrach","actor"
1003596,986808,"Wyatt Russell","actor"
1003596,19272,"Joe Russo","director"
1003596,19271,"Anthony Russo","director"
1284465,6968,"Hugh Jackman","actor"
1284465,1388593,"Jodie Comer","actor"
1284465,137905,"Bill Skarsgård","actor"
1284465,152416,"Murray Bartlett","actor"
1284465,1590759,"Noah Jupe","actor"
1284465,1303071,"Jade Croot","actor"
1284465,4526195,"Faith Delaney","actor"
1284465,5396679,"Tabitha Smyth","actor"
1284465,3676238,"Beau Thompson","actor"
1284465,4633814,"Alfie Lawless","actor"
1284465,2580328,"Michael Sarnoski","director"
1084242,417,"Ginnifer Goodwin","actor"
1084242,23532,"Jason Bateman","actor"
1084242,690,"Ke Huy Quan","actor"
1084242,1183672,"Fortune Feimster","actor"
1084242,62861,"Andy Samberg","actor"
1084242,11064,"David Strathairn","actor"
1084242,17605,"Idris Elba","actor"
1084242,446511,"Shakira","actor"
1084242,9657,"Patrick Warburton","actor"
1084242,1745988,"Quinta Brunson","actor"
1084242,1318201,"Jared Bush","director"
1084242,76595,"Byron Howard","director"
980431,1610783,"Eric Nam","actor"
980431,543530,"Dave Bautista","actor"
980431,1703912,"Jessica Matten","actor"
980431,2775164,"Román Zaragoza","actor"
980431,215055,"Steven Yeun","actor"
980431,86432,"Dionne Quan","actor"
980431,23680,"Dee Bradley Baker","actor"
980431,76792,"Freida Pinto","actor"
980431,690,"Ke Huy Quan","actor"
980431,55934,"Taika Waititi","actor"
980431,74863,"Lauren Montgomery","director"
1156869,1328576,"Jacqueline Ng Suet-Man","actor"
1156869,21914,"Alex Fong Chung-Sun","actor"
1156869,1187925,"Edward Mok","actor"
1156869,4182500,"Lai Hok-Man","director"
1621552,220496,"Alfonso Herrera","actor"
1621552,89445,"Noé Hernández","actor"
1621552,133766,"Hector Kotsifakis","actor"
1621552,1327350,"Paola Fernández","actor"
1621552,1301522,"Gerardo Trejoluna","actor"
1621552,2732919,"Fernando Cuautle","actor"
1621552,6353774,"Alejandra Vazquez De Leon","actor"
1621552,4746012,"Santiago Colores","actor"
1621552,2091725,"Berenice Mastretta","actor"
1621552,6412964,"Regina Arroyo","actor"
1621552,964826,"Chava Cartas","director"
1228710,1253360,"Pedro Pascal","actor"
1228710,206905,"Jeremy Allen White","actor"
1228710,10205,"Sigourney Weaver","actor"
1228710,946854,"Brendan Wayne","actor"
1228710,123812,"Lateef Crowder","actor"
1228710,571562,"Steve Blum","actor"
1228710,1323612,"Jonny Coyne","actor"
1228710,92617,"Matthew Willig","actor"
1228710,1032,"Martin Scorsese","actor"
1228710,164208,"Hemky Madera","actor"
1228710,15277,"Jon Favreau","director"
1516698,2071463,"Maia Reficco","actor"
1516698,2649290,"Fernando Lindez","actor"
1516698,52605,"Eva Longoria","actor"
1516698,2167148,"Chloé Sweetlove","actor"
1516698,1121031,"Andrés Velencoso","actor"
1516698,1587318,"Stefanie Martini","actor"
1516698,1379411,"Sabrina Bartlett","actor"
1516698,5321100,"Àlex Peracaula","actor"
1516698,3204229,"Molly B. Thomas","actor"
1516698,3119942,"Razan Nassar","actor"
1516698,965770,"Carlson Young","director"
1599993,232262,"Nashla Bogaert","actor"
1599993,232245,"Frank Perozo","actor"
1599993,4843988,"Pamela Sued","actor"
1599993,1684891,"David Maler","actor"
1599993,3238925,"Camila Issa","actor"
1599993,5179137,"Pedro Casals","actor"
1599993,5179140,"Vitaly Sánchez","actor"
1599993,2785131,"María del Mar Bonelly","actor"
1599993,1691351,"José Ramón Alama","director"
1419406,18897,"Jackie Chan","actor"
1419406,1173805,"Zhang Zifeng","actor"
1419406,56861,"Tony Leung Ka-fai","actor"
1419406,3167855,"Ci Sha","actor"
1419406,1625880,"Jun","actor"
1419406,4062369,"Zhou Zhengjie","actor"
1419406,1016316,"Wang Ziyi","actor"
1419406,1516593,"Lang Yueting","actor"
1419406,1881987,"Lin Qiunan","actor"
1419406,1443375,"Zhenwei Wang","actor"
1419406,1452270,"Larry Yang","director"
1481603,2010250,"Chris Mayers","actor"
1481603,1982801,"Haley Leary","actor"
1481603,3455369,"Julian Smith","actor"
1481603,3255203,"Michelle I. Lamb","actor"
1481603,1431536,"Levi Burdick","actor"
1481603,1637322,"Hamid-Reza Benjamin Thompson","actor"
1481603,1112574,"Luke Michael Williams","actor"
1481603,3237965,"Tordy Clark","actor"
1481603,6440729,"Alex McKelvey","actor"
1481603,1485112,"Ryan Monolopolus","actor"
1481603,3221404,"William Bagley","director"
157336,10297,"Matthew McConaughey","actor"
157336,1813,"Anne Hathaway","actor"
157336,3895,"Michael Caine","actor"
157336,83002,"Jessica Chastain","actor"
157336,1893,"Casey Affleck","actor"
157336,8210,"Wes Bentley","actor"
157336,17052,"Topher Grace","actor"
157336,851784,"Mackenzie Foy","actor"
157336,9560,"Ellen Burstyn","actor"
157336,12074,"John Lithgow","actor"
157336,525,"Christopher Nolan","director"
1101412,2480853,"Harriet Slater","actor"
1101412,3486664,"Arsema Thomas","actor"
1101412,1626604,"Tom Brittney","actor"
1101412,1279279,"Virginia Gardner","actor"
1101412,521673,"Sahajak Boonthanakit","actor"
1101412,6455282,"Korakod Yensuk","actor"
1101412,3698000,"Jordan Coleman","actor"
1101412,3725028,"Maryna Bennett","actor"
1101412,3743780,"Noen Perez","actor"
1101412,3314680,"Nattapon Sukphiam","actor"
1101412,56501,"Michael Spierig","director"
1101412,56502,"Peter Spierig","director"
813418,136650,"Andrzej Konopka","actor"
813418,87722,"Noomi Rapace","actor"
813418,121750,"Reika Kirishima","actor"
813418,4542315,"Filippa Kaye","actor"
813418,6231757,"George Aurimas Cris","actor"
813418,2040797,"Niki Sereti","actor"
813418,2749202,"Ektoras Liatsos","actor"
813418,1988587,"Rasmi Tsopela","actor"
813418,6296299,"Eleni Tzangka","actor"
813418,6424147,"Thanasis Barkas","actor"
813418,1557607,"Agnieszka Smoczyńska","director"
24428,3223,"Robert Downey Jr.","actor"
24428,16828,"Chris Evans","actor"
24428,103,"Mark Ruffalo","actor"
24428,74568,"Chris Hemsworth","actor"
24428,1245,"Scarlett Johansson","actor"
24428,17604,"Jeremy Renner","actor"
24428,91606,"Tom Hiddleston","actor"
24428,9048,"Clark Gregg","actor"
24428,71189,"Cobie Smulders","actor"
24428,1640,"Stellan Skarsgård","actor"
24428,12891,"Joss Whedon","director"
45722,133568,"Leandro Stivelman","actor"
45722,125493,"Antonella Costa","actor"
45722,228441,"Hugo Arana","actor"
45722,267827,"Mónica Galán","actor"
45722,2834965,"Octavio Borro","actor"
45722,81116,"Eliseo Subiela","director"
233651,133658,"Mari Tanaka","actor"
233651,134813,"Ken Yoshizawa","actor"
233651,1936345,"Yuki Seto","actor"
233651,1936347,"Kinji Takinami","actor"
233651,1936349,"Norihiko Umetani","actor"
233651,1270006,"Ken Mizoguchi","actor"
233651,548659,"Akira Takahashi","actor"
233651,82953,"Koretsugu Kurahara","director"
1127384,6383,"Aaron Eckhart","actor"
1127384,2282,"Ben Kingsley","actor"
1127384,3663805,"Molly Belle Wright","actor"
1127384,59117,"Angus Sampson","actor"
1127384,5035274,"Elijah Tamati","actor"
1127384,3655526,"Zhao Simei","actor"
1127384,2408015,"Li Wenhan","actor"
1127384,4176055,"Nashi","actor"
1127384,2466900,"Richard Crouchley","actor"
1127384,213144,"Madeleine West","actor"
1127384,16938,"Renny Harlin","director"
1193824,76788,"Dev Patel","actor"
1193824,2648396,"Rosy McEwen","actor"
1193824,1303071,"Jade Croot","actor"
1193824,5324721,"Nicholas Sampson","actor"
1193824,2258419,"Bryn Chainey","director"
1081003,2046128,"Milly Alcock","actor"
1081003,4186628,"Eve Ridley","actor"
1081003,73381,"Matthias Schoenaerts","actor"
1081003,117642,"Jason Momoa","actor"
1081003,38582,"David Krumholtz","actor"
1081003,130414,"Emily Beecham","actor"
1081003,1785590,"David Corenswet","actor"
1081003,1411379,"Kadiff Kirwan","actor"
1081003,2031926,"Thalissa Teixeira","actor"
1081003,1211873,"Ferdinand Kingsley","actor"
1081003,50767,"Craig Gillespie","director"
1340102,40716,"Mathis Landwehr","actor"
1340102,1388405,"Li Yanlong","actor"
1340102,73659,"Kurt McKinney","actor"
1340102,57255,"Keith Cooke","actor"
1340102,6477474,"Brice Akuesson","actor"
1340102,4019755,"David Yeung","actor"
1340102,68559,"Gary Daniels","actor"
1340102,46309,"Finja Martens","actor"
1340102,1434486,"Kai Fung Rieck","actor"
1340102,6505603,"Lionel Lowe","actor"
1340102,4019767,"Taim M. Adams","director"
1137844,10859,"Ryan Reynolds","actor"
1137844,11181,"Kenneth Branagh","actor"
1137844,591295,"Marcin Dorociński","actor"
1137844,2408703,"Maria Bakalova","actor"
1137844,52,"David Morse","actor"
1137844,47640,"Clark Johnson","actor"
1137844,19957,"Wendy Crewson","actor"
1137844,163731,"Louis Cancelmi","actor"
1137844,52419,"Josh Hamilton","actor"
1137844,1020687,"Alex Mallari Jr.","actor"
1137844,1236679,"Jonathan Goldstein","director"
1137844,52935,"John Francis Daley","director"
1285366,84725,"Keisuke Koide","actor"
1285366,4620053,"Kei Fubuki","actor"
1285366,3465682,"Manami Shindo","actor"
1285366,1078683,"Yohta Kawase","actor"
1285366,107114,"Kotaro Tanaka","actor"
1285366,1718690,"Norimasa Fuke","actor"
1285366,6143263,"Araki Futaba","actor"
1285366,895706,"Shinji Imaoka","director"
1248832,500,"Tom Cruise","actor"
1248832,53240,"Riz Ahmed","actor"
1248832,1230,"John Goodman","actor"
1248832,7152,"Sandra Hüller","actor"
1248832,72873,"Michael Stuhlbarg","actor"
1248832,88124,"Jesse Plemons","actor"
1248832,31512,"Robert John Burke","actor"
1248832,2121005,"Emma D'Arcy","actor"
1248832,39659,"Burn Gorman","actor"
1248832,3115932,"Sophie Wilde","actor"
1248832,223,"Alejandro G. Iñárritu","director"
1560520,56675,"Anson Mount","actor"
1560520,829372,"Michael Mando","actor"
1560520,59254,"Pablo Schreiber","actor"
1560520,34982,"Jeff Bennett","actor"
1560520,4270359,"Luis Bermudez","actor"
1560520,2547,"Bruce Boxleitner","actor"
1560520,1030995,"Jessica Camacho","actor"
1560520,31367,"Anthony Crivello","actor"
1560520,83854,"David Dastmalchian","actor"
1560520,973,"Jason Flemyng","actor"
1560520,2927725,"Jeff Wamester","director"
278,504,"Tim Robbins","actor"
278,192,"Morgan Freeman","actor"
278,4029,"Bob Gunton","actor"
278,6573,"William Sadler","actor"
278,6574,"Clancy Brown","actor"
278,6575,"Gil Bellows","actor"
278,6577,"James Whitmore","actor"
278,6576,"Mark Rolston","actor"
278,12645,"Jeffrey DeMunn","actor"
278,92119,"Larry Brandenburg","actor"
278,4027,"Frank Darabont","director"
475557,73421,"Joaquin Phoenix","actor"
475557,380,"Robert De Niro","actor"
475557,1545693,"Zazie Beetz","actor"
475557,4432,"Frances Conroy","actor"
475557,16841,"Brett Cullen","actor"
475557,74242,"Shea Whigham","actor"
475557,121718,"Bill Camp","actor"
475557,1377670,"Glenn Fleshler","actor"
475557,1416396,"Leigh Gill","actor"
475557,6181,"Josh Pais","actor"
475557,57130,"Todd Phillips","director"
238,3084,"Marlon Brando","actor"
238,1158,"Al Pacino","actor"
238,3085,"James Caan","actor"
238,3087,"Robert Duvall","actor"
238,3086,"Richard S. Castellano","actor"
238,3092,"Diane Keaton","actor"
238,3094,"Talia Shire","actor"
238,3095,"Gianni Russo","actor"
238,3088,"Sterling Hayden","actor"
238,3142,"John Marley","actor"
238,1776,"Francis Ford Coppola","director"
1311031,1256603,"Natsuki Hanae","actor"
1311031,9705,"Takahiro Sakurai","actor"
1311031,81244,"Akira Ishida","actor"
1311031,119145,"Hiro Shimono","actor"
1311031,1253008,"Yoshimasa Hosoya","actor"
1311031,221773,"Saori Hayami","actor"
1311031,93803,"Mamoru Miyano","actor"
1311031,1452028,"Reina Ueda","actor"
1311031,1221114,"Yuichi Nakamura","actor"
1311031,1691384,"Lynn","actor"
1311031,1283010,"Haruo Sotozaki","director"
155,3894,"Christian Bale","actor"
155,1810,"Heath Ledger","actor"
155,6383,"Aaron Eckhart","actor"
155,3895,"Michael Caine","actor"
155,1579,"Maggie Gyllenhaal","actor"
155,64,"Gary Oldman","actor"
155,192,"Morgan Freeman","actor"
155,53651,"Monique Gabriela Curnen","actor"
155,57597,"Ron Dean","actor"
155,2037,"Cillian Murphy","actor"
155,525,"Christopher Nolan","director"
1393326,1203378,"Abimana Aryasatya","actor"
1393326,562217,"Bront Palarae","actor"
1393326,2207948,"Dimas Danang","actor"
1393326,581687,"Endy Arfian","actor"
1393326,1206436,"Lukman Sardi","actor"
1393326,581684,"Mike Lucock","actor"
1393326,1800452,"Yoga Pratama","actor"
1393326,1558534,"Morgan Oey","actor"
1393326,1157418,"Aming","actor"
1393326,1028460,"Rio Dewanto","actor"
1393326,121798,"Joko Anwar","director"
634649,1136406,"Tom Holland","actor"
634649,505710,"Zendaya","actor"
634649,71580,"Benedict Cumberbatch","actor"
634649,1649152,"Jacob Batalon","actor"
634649,15277,"Jon Favreau","actor"
634649,134,"Jamie Foxx","actor"
634649,5293,"Willem Dafoe","actor"
634649,658,"Alfred Molina","actor"
634649,30082,"Benedict Wong","actor"
634649,1291350,"Tony Revolori","actor"
634649,1293994,"Jon Watts","director"
533535,10859,"Ryan Reynolds","actor"
533535,6968,"Hugh Jackman","actor"
533535,2324569,"Emma Corrin","actor"
533535,15576,"Matthew Macfadyen","actor"
533535,1464650,"Dafne Keen","actor"
533535,15277,"Jon Favreau","actor"
533535,54882,"Morena Baccarin","actor"
533535,1091324,"Rob Delaney","actor"
533535,122750,"Leslie Uggams","actor"
533535,9278,"Jennifer Garner","actor"
533535,17825,"Shawn Levy","director"
1291595,2769222,"Amelia Eve","actor"
1291595,5426738,"Island Austin","actor"
1291595,1602972,"Brandon Perea","actor"
1291595,7401,"Lin Shaye","actor"
1291595,1399526,"Maisie Richardson-Sellers","actor"
1291595,55585,"Sam Spruell","actor"
1291595,2143439,"Joseph Lopez","actor"
1291595,1547432,"Robina Beard","actor"
1291595,1507371,"Susan Gray","actor"
1291595,187400,"Laura Gordon","actor"
1291595,131873,"Jacob Chase","director"
1506560,1479143,"Kira Kosarin","actor"
1506560,1277364,"Jack Griffo","actor"
1506560,1666061,"Maya Le Clark","actor"
1506560,20389,"Rosa Blasi","actor"
1506560,159275,"Chris Tallman","actor"
1506560,1567479,"Diego Velazquez","actor"
1506560,1666059,"Addison Riecke","actor"
1506560,97452,"Daniele Gaither","actor"
1506560,42160,"Ariel Winter","actor"
1506560,74337,"Dana Snyder","actor"
1506560,1951095,"Trevor Kirschner","director"
1341138,41087,"Leslie Mann","actor"
1341138,1475128,"Michelle Buteau","actor"
1341138,1772,"Anna Faris","actor"
1341138,52848,"Isla Fisher","actor"
1341138,1992160,"Adam Demos","actor"
1341138,2300222,"Dominic Ona-Ariki","actor"
1341138,61779,"Erika Heynatz","actor"
1341138,4414182,"Courtney Clarke","actor"
1341138,3472982,"Quinn Aune","actor"
1341138,3129167,"Sierra Rose","actor"
1341138,52115,"Scott Moore","director"
1341138,52114,"Jon Lucas","director"
1408162,85720,"Suriya","actor"
1408162,2191938,"Mamitha Baiju","actor"
1408162,562177,"Radhika Sarathkumar","actor"
1408162,123180,"Raveena Tandon","actor"
1408162,2261843,"Sunil","actor"
1408162,6423626,"Harika","actor"
1408162,130111,"Nassar","actor"
1408162,1638514,"Harsha Chemudu","actor"
1408162,2036697,"Bhavani Sre","actor"
1408162,4189538,"V.J. Pappu","actor"
1408162,1966148,"Venky Atluri","director"
150540,56322,"Amy Poehler","actor"
150540,169200,"Phyllis Smith","actor"
150540,21125,"Richard Kind","actor"
150540,19278,"Bill Hader","actor"
150540,59258,"Lewis Black","actor"
150540,125167,"Mindy Kaling","actor"
150540,1371894,"Kaitlyn Dias","actor"
150540,2882,"Diane Lane","actor"
150540,6677,"Kyle MacLachlan","actor"
150540,196502,"Paula Poundstone","actor"
150540,12890,"Pete Docter","director"
1226863,73457,"Chris Pratt","actor"
1226863,95101,"Charlie Day","actor"
1226863,1397778,"Anya Taylor-Joy","actor"
1226863,70851,"Jack Black","actor"
1226863,298410,"Keegan-Michael Key","actor"
1226863,227564,"Benny Safdie","actor"
1226863,83271,"Glen Powell","actor"
1226863,60073,"Brie Larson","actor"
1226863,119589,"Donald Glover","actor"
1226863,24362,"Kevin Michael Richardson","actor"
1226863,1719706,"Aaron Horvath","director"
1226863,113901,"Michael Jelenic","director"
1184918,1267329,"Lupita Nyong'o","actor"
1184918,1253360,"Pedro Pascal","actor"
1184918,1538851,"Kit Connor","actor"
1184918,2440,"Bill Nighy","actor"
1184918,1381186,"Stephanie Hsu","actor"
1184918,1488236,"Matt Berry","actor"
1184918,10182,"Ving Rhames","actor"
1184918,2,"Mark Hamill","actor"
1184918,11514,"Catherine O'Hara","actor"
1184918,4967567,"Boone Storm","actor"
1184918,66193,"Chris Sanders","director"
1212763,2037046,"Souheila Yacoub","actor"
1212763,33310,"Tandi Wright","actor"
1212763,1911865,"Hunter Doohan","actor"
1212763,1399806,"Luciane Buchanan","actor"
1212763,150396,"Erroll Shand","actor"
1212763,1695501,"Maude Davey","actor"
1212763,2242834,"George Pullar","actor"
1212763,4147250,"Greta van den Brink","actor"
1212763,5662484,"Keanu Karim","actor"
1212763,3047382,"Victory Ndukwe","actor"
1212763,3662751,"Sébastien Vaniček","director"
1280738,83487,"Xie Miao","actor"
1280738,592496,"Joe Taslim","actor"
1280738,2956442,"Yang Enyou","actor"
1280738,142019,"Yayan Ruhian","actor"
1280738,135347,"JeeJa Yanin","actor"
1280738,2410189,"Brian Le","actor"
1280738,2115758,"Joey Iwanaga","actor"
1280738,521673,"Sahajak Boonthanakit","actor"
1280738,1338439,"Manatsanun Panlertwongskul","actor"
1280738,1191266,"Winai Wiangyangkung","actor"
1280738,1113443,"Kenji Tanigaki","director"
1273221,1772,"Anna Faris","actor"
1273221,35705,"Regina Hall","actor"
1273221,9562,"Marlon Wayans","actor"
1273221,35690,"Shawn Wayans","actor"
1273221,1502916,"Olivia Rose Keegan","actor"
1273221,3027150,"Cameron Scott Roberts","actor"
1273221,1932318,"Savannah Lee Nassif","actor"
1273221,1001946,"Sydney Park","actor"
1273221,1741333,"Gregg Wayans","actor"
1273221,4762373,"Benny Zielke","actor"
1273221,1110102,"Michael Tiddes","director"
671,10980,"Daniel Radcliffe","actor"
671,10989,"Rupert Grint","actor"
671,10990,"Emma Watson","actor"
671,194,"Richard Harris","actor"
671,10993,"Tom Felton","actor"
671,4566,"Alan Rickman","actor"
671,1923,"Robbie Coltrane","actor"
671,10978,"Maggie Smith","actor"
671,10983,"Richard Griffiths","actor"
671,10985,"Ian Hart","actor"
671,10965,"Chris Columbus","director"
445466,54697,"Dave Franco","actor"
445466,1371398,"O'Shea Jackson Jr.","actor"
445466,2803710,"Mason Thames","actor"
445466,934289,"Kiernan Shipka","actor"
445466,22970,"Peter Dinklage","actor"
445466,85139,"Nicholas Braun","actor"
445466,156744,"Lynn Wanlass","actor"
445466,209513,"Macon Blair","actor"
445466,1477896,"Grace Junot","actor"
445466,1029854,"Lee Eddy","actor"
445466,209513,"Macon Blair","director"
20352,4495,"Steve Carell","actor"
20352,41088,"Jason Segel","actor"
20352,59919,"Russell Brand","actor"
20352,5823,"Julie Andrews","actor"
20352,21200,"Will Arnett","actor"
20352,41091,"Kristen Wiig","actor"
20352,17743,"Miranda Cosgrove","actor"
20352,124750,"Dana Gaier Ellis","actor"
20352,122851,"Elsie Fisher","actor"
20352,124747,"Pierre Coffin","actor"
20352,124747,"Pierre Coffin","director"
20352,124748,"Chris Renaud","director"
1405742,1937555,"Trey Holland","actor"
1405742,65827,"Keith David","actor"
1405742,21125,"Richard Kind","actor"
1405742,178926,"Michael McDonald","actor"
1405742,1228290,"Romina D'Ugo","actor"
1405742,1412526,"Casey Deidrick","actor"
1405742,3958162,"Trevor Newlin","actor"
1405742,4676617,"Vanessa Vander Pluym","actor"
1405742,1582312,"Kevin Fonteyne","actor"
1405742,5060348,"Monet Weir","actor"
1405742,4953477,"Woody Bess","director"
936075,3898497,"Jaafar Jackson","actor"
936075,91671,"Colman Domingo","actor"
936075,9781,"Nia Long","actor"
936075,4487890,"Juliano Krue Valdi","actor"
936075,1990676,"KeiLyn Durrel Jones","actor"
936075,996701,"Miles Teller","actor"
936075,18291,"Larenz Tate","actor"
936075,1606394,"Laura Harrier","actor"
936075,12073,"Mike Myers","actor"
936075,1446825,"Kendrick Sampson","actor"
936075,20907,"Antoine Fuqua","director"
1594914,928572,"Scott Eastwood","actor"
1594914,3492,"Colin Hanks","actor"
1594914,53923,"Aunjanue Ellis-Taylor","actor"
1594914,1369329,"Taylor John Smith","actor"
1594914,1034703,"Lorne MacFadyen","actor"
1594914,67247,"Atanas Srebrev","actor"
1594914,1457581,"Alfie Stewart","actor"
1594914,1409855,"Jonathan Yunger","actor"
1594914,3487795,"Timothy Blore","actor"
1594914,238416,"Laurent Maurel","actor"
1594914,21526,"Rod Lurie","director"
675871,52049,"Jay Chandrasekhar","actor"
675871,56251,"Kevin Heffernan","actor"
675871,52051,"Steve Lemme","actor"
675871,56253,"Paul Soter","actor"
675871,56252,"Erik Stolhanske","actor"
675871,1181326,"Hannah Simone","actor"
675871,56595,"Marisa Coughlan","actor"
675871,105648,"Nat Faxon","actor"
675871,60899,"Chace Crawford","actor"
675871,2218430,"Andrew Dismukes","actor"
675871,52049,"Jay Chandrasekhar","director"
122,109,"Elijah Wood","actor"
122,1327,"Ian McKellen","actor"
122,110,"Viggo Mortensen","actor"
122,1328,"Sean Astin","actor"
122,1333,"Andy Serkis","actor"
122,1330,"Dominic Monaghan","actor"
122,1329,"Billy Boyd","actor"
122,1381,"John Noble","actor"
122,1371,"David Wenham","actor"
122,502,"Miranda Otto","actor"
122,108,"Peter Jackson","director"
27205,6193,"Leonardo DiCaprio","actor"
27205,24045,"Joseph Gordon-Levitt","actor"
27205,3899,"Ken Watanabe","actor"
27205,2524,"Tom Hardy","actor"
27205,27578,"Elliot Page","actor"
27205,95697,"Dileep Rao","actor"
27205,2037,"Cillian Murphy","actor"
27205,13022,"Tom Berenger","actor"
27205,8293,"Marion Cotillard","actor"
27205,4935,"Pete Postlethwaite","actor"
27205,525,"Christopher Nolan","director"
569094,587506,"Shameik Moore","actor"
569094,130640,"Hailee Steinfeld","actor"
569094,226366,"Brian Tyree Henry","actor"
569094,141610,"Luna Lauren Vélez","actor"
569094,543505,"Jake Johnson","actor"
569094,25072,"Oscar Isaac","actor"
569094,17881,"Jason Schwartzman","actor"
569094,1455336,"Issa Rae","actor"
569094,206919,"Daniel Kaluuya","actor"
569094,1109702,"Karan Soni","actor"
569094,2451598,"Kemp Powers","director"
569094,1046497,"Justin K. Thompson","director"
569094,89596,"Joaquim Dos Santos","director"
860508,380,"Robert De Niro","actor"
860508,11705,"Michelle Monaghan","actor"
860508,36801,"Adam Scott","actor"
860508,5374936,"Acston Luca Porto","actor"
860508,2232,"Michael Keaton","actor"
860508,1586047,"Owen Teague","actor"
860508,184581,"Hamish Linklater","actor"
860508,1136135,"Will Brill","actor"
860508,6023452,"Aniela Zeig","actor"
860508,6023465,"Exavier Montanez","actor"
860508,33308,"James Ashcroft","director"
1384216,2034418,"Jacob Elordi","actor"
1384216,1392137,"Margaret Qualley","actor"
1384216,16851,"Josh Brolin","actor"
1384216,529,"Guy Pearce","actor"
1384216,19,"Allison Janney","actor"
1384216,30082,"Benedict Wong","actor"
1384216,1125,"Ewen Bremner","actor"
1384216,1885355,"James Craze","actor"
1384216,55585,"Sam Spruell","actor"
1384216,1141632,"Sai Bennett","actor"
1384216,578,"Ridley Scott","director"
1514682,54722,"Laura Marano","actor"
1514682,1817942,"Christina Ochoa","actor"
1514682,1316401,"Mario Tardón","actor"
1514682,3131,"Antonio Banderas","actor"
1514682,100258,"Ramiro Alonso","actor"
1514682,2676371,"Ryan Bertroche","actor"
1514682,88630,"Jess Liaudin","actor"
1514682,6310598,"Diego Llinás","actor"
1514682,54649,"Louis Mandylor","actor"
1514682,92949,"Timothy V. Murphy","actor"
1514682,77295,"Jesse V. Johnson","director"
693134,1190668,"Timothée Chalamet","actor"
693134,505710,"Zendaya","actor"
693134,933238,"Rebecca Ferguson","actor"
693134,3810,"Javier Bardem","actor"
693134,16851,"Josh Brolin","actor"
693134,86654,"Austin Butler","actor"
693134,1373737,"Florence Pugh","actor"
693134,543530,"Dave Bautista","actor"
693134,4690,"Christopher Walken","actor"
693134,121529,"Léa Seydoux","actor"
693134,137427,"Denis Villeneuve","director"
1523145,5598110,"Daniel Vegas","actor"
1523145,5037367,"Veronika Zhuravleva","actor"
1523145,4508505,"Ivan Trushin","actor"
1523145,2007622,"Maksim Saprykin","actor"
1523145,5654199,"Alya Mayer","actor"
1523145,558048,"Evgeniya Loza","actor"
1523145,1565264,"Pavel Kuzmin","actor"
1523145,4465638,"Alexandra Tikhonova","actor"
1523145,2887356,"Margarita Dyachenkova","actor"
1523145,5654204,"Anton Solomatin","actor"
1523145,1547457,"Mikhail Vaynberg","director"
205596,71580,"Benedict Cumberbatch","actor"
205596,116,"Keira Knightley","actor"
205596,1247,"Matthew Goode","actor"
205596,139549,"Rory Kinnear","actor"
205596,85718,"Allen Leech","actor"
205596,213394,"Matthew Beard","actor"
205596,4391,"Charles Dance","actor"
205596,2983,"Mark Strong","actor"
205596,1362119,"James Northcote","actor"
205596,43034,"Tom Goodman-Hill","actor"
205596,77965,"Morten Tyldum","director"
120,109,"Elijah Wood","actor"
120,1327,"Ian McKellen","actor"
120,110,"Viggo Mortensen","actor"
120,1328,"Sean Astin","actor"
120,65,"Ian Holm","actor"
120,882,"Liv Tyler","actor"
120,113,"Christopher Lee","actor"
120,48,"Sean Bean","actor"
120,1329,"Billy Boyd","actor"
120,1330,"Dominic Monaghan","actor"
120,108,"Peter Jackson","director"
454639,1425934,"Nicholas Galitzine","actor"
454639,1721740,"Camila Mendes","actor"
454639,17605,"Idris Elba","actor"
454639,7499,"Jared Leto","actor"
454639,88029,"Alison Brie","actor"
454639,238164,"Jóhannes Haukur Jóhannesson","actor"
454639,2483272,"Jon Xue Zhang","actor"
454639,2418119,"Sam C. Wilson","actor"
454639,17648,"James Purefoy","actor"
454639,115679,"Charlotte Riley","actor"
454639,1033661,"Travis Knight","director"
1327819,1308818,"Piper Curda","actor"
1327819,452205,"Bobby Moynihan","actor"
1327819,65717,"Jon Hamm","actor"
1327819,11074,"Kathy Najimy","actor"
1327819,54697,"Dave Franco","actor"
1327819,1653235,"Eduardo Franco","actor"
1327819,1625231,"Aparna Nancherla","actor"
1327819,1798896,"Tom Law","actor"
1327819,1429453,"Sam Richardson","actor"
1327819,1695631,"Melissa Villaseñor","actor"
1327819,1491592,"Daniel Chong","director"
603,6384,"Keanu Reeves","actor"
603,2975,"Laurence Fishburne","actor"
603,530,"Carrie-Anne Moss","actor"
603,1331,"Hugo Weaving","actor"
603,9364,"Gloria Foster","actor"
603,532,"Joe Pantoliano","actor"
603,9372,"Marcus Chong","actor"
603,7244,"Julian Arahanga","actor"
603,9374,"Matt Doran","actor"
603,9376,"Belinda McClory","actor"
603,9340,"Lana Wachowski","director"
603,9339,"Lilly Wachowski","director"
1234821,1245,"Scarlett Johansson","actor"
1234821,932967,"Mahershala Ali","actor"
1234821,80860,"Jonathan Bailey","actor"
1234821,36669,"Rupert Friend","actor"
1234821,1168097,"Manuel Garcia-Rulfo","actor"
1234821,1362844,"Luna Blaise","actor"
1234821,2525701,"David Iacono","actor"
1234821,3673493,"Audrina Miranda","actor"
1234821,2496534,"Philippine Velge","actor"
1234821,1517537,"Bechir Sylvain","actor"
1234821,129894,"Gareth Edwards","director"
1058424,68903,"Hwang Jung-min","actor"
1058424,127564,"Zo In-sung","actor"
1058424,3194501,"Hoyeon","actor"
1058424,227454,"Alicia Vikander","actor"
1058424,17288,"Michael Fassbender","actor"
1058424,1353827,"Taylor Russell","actor"
1058424,1286537,"Cameron Britton","actor"
1058424,564847,"Lee Sang-hee","actor"
1058424,2370779,"Um Mun-suk","actor"
1058424,1305674,"Im Hyun-sik","actor"
1058424,75915,"Na Hong-jin","director"
10138,3223,"Robert Downey Jr.","actor"
10138,12052,"Gwyneth Paltrow","actor"
10138,1896,"Don Cheadle","actor"
10138,1245,"Scarlett Johansson","actor"
10138,6807,"Sam Rockwell","actor"
10138,2295,"Mickey Rourke","actor"
10138,2231,"Samuel L. Jackson","actor"
10138,9048,"Clark Gregg","actor"
10138,21134,"John Slattery","actor"
10138,52865,"Garry Shandling","actor"
10138,15277,"Jon Favreau","director"
1386238,2555254,"Magui Bravi","actor"
1386238,2879728,"Facundo R. Salomon","actor"
1386238,2880085,"Agustin Olcese","actor"
1386238,618344,"Roly Serrano","actor"
1386238,5038976,"Eve Gasser","actor"
1386238,5799096,"Gabriela Boccalandro","actor"
1386238,5799099,"Maximiliano Sago","actor"
1386238,4054692,"Berenice Zapiola","actor"
1386238,5799103,"Griselda Rapi","actor"
1386238,5799107,"Ramiro Martínez Russo","actor"
1386238,5053183,"Nicolás Ríos","director"
1685882,3356248,"Rishikanth","actor"
1685882,3719124,"Anishma Anilkumar","actor"
1685882,1321712,"Chetan","actor"
1685882,584471,"A. Venkatesh","actor"
1685882,1128068,"Bagavathi Perumal","actor"
1685882,4051558,"Sangeetha Balan","actor"
1685882,1203001,"Shelly Kishore","actor"
1685882,2121285,"Abdool Lee","actor"
1685882,5690217,"Banupriya","actor"
1685882,6393683,"Sumithra Devi","actor"
1685882,6181788,"Raja Karuppasamy","director"
863,31,"Tom Hanks","actor"
863,12898,"Tim Allen","actor"
863,3234,"Joan Cusack","actor"
863,7090,"Kelsey Grammer","actor"
863,7167,"Don Rickles","actor"
863,12899,"Jim Varney","actor"
863,12900,"Wallace Shawn","actor"
863,7907,"John Ratzenberger","actor"
863,8873,"Annie Potts","actor"
863,4201,"Wayne Knight","actor"
863,7879,"John Lasseter","director"
4935,533325,"Chieko Baisho","actor"
4935,12670,"Takuya Kimura","actor"
4935,20338,"Akihiro Miwa","actor"
4935,19592,"Tatsuya Gashuin","actor"
4935,225730,"Ryunosuke Kamiki","actor"
4935,40449,"Mitsunori Isaki","actor"
4935,40450,"Yo Oizumi","actor"
4935,40451,"Akio Otsuka","actor"
4935,40452,"Daijirō Harada","actor"
4935,40453,"Haruko Katō","actor"
4935,608,"Hayao Miyazaki","director"
872585,2037,"Cillian Murphy","actor"
872585,5081,"Emily Blunt","actor"
872585,1892,"Matt Damon","actor"
872585,3223,"Robert Downey Jr.","actor"
872585,1373737,"Florence Pugh","actor"
872585,2299,"Josh Hartnett","actor"
872585,1893,"Casey Affleck","actor"
872585,17838,"Rami Malek","actor"
872585,11181,"Kenneth Branagh","actor"
872585,227564,"Benny Safdie","actor"
872585,525,"Christopher Nolan","director"
24858,2310,"Bruno Ganz","actor"
24858,121732,"Fabrizio Bentivoglio","actor"
24858,6548,"Isabelle Renauld","actor"
24858,150568,"Achileas Skevis","actor"
24858,1357494,"Alexandra Ladikou","actor"
24858,1382078,"Despina Bebedelli","actor"
24858,1371804,"Eleni Gerasimidou","actor"
24858,1522247,"Iris Chatziantoniou","actor"
24858,1508796,"Nikos Kouros","actor"
24858,1988542,"Alekos Oudinotis","actor"
24858,10316,"Theo Angelopoulos","director"
19995,65731,"Sam Worthington","actor"
19995,8691,"Zoe Saldaña","actor"
19995,10205,"Sigourney Weaver","actor"
19995,32747,"Stephen Lang","actor"
19995,17647,"Michelle Rodriguez","actor"
19995,1771,"Giovanni Ribisi","actor"
19995,59231,"Joel David Moore","actor"
19995,30485,"CCH Pounder","actor"
19995,15853,"Wes Studi","actor"
19995,10964,"Laz Alonso","actor"
19995,2710,"James Cameron","director"
1110034,1904884,"Sara Khorami","actor"
1110034,234783,"Mikkel Bratt Silset","actor"
1110034,1475929,"Ingvild Holthe Bygdnes","actor"
1110034,2302835,"Øyvind Brandtzæg","actor"
1110034,3573975,"Jenny Evensen","actor"
1110034,1887978,"Steinar Klouman Hallert","actor"
1110034,3613559,"Filip Bargee Ramberg","actor"
1110034,2584408,"Jon Erik Myre","actor"
1110034,142000,"Hans Morten Hansen","actor"
1110034,3925856,"Magnús Blöndal Jóhannsson","actor"
1110034,111532,"Pål Øie","director"
672,10980,"Daniel Radcliffe","actor"
672,10989,"Rupert Grint","actor"
672,10990,"Emma Watson","actor"
672,11181,"Kenneth Branagh","actor"
672,13014,"Toby Jones","actor"
672,1923,"Robbie Coltrane","actor"
672,194,"Richard Harris","actor"
672,4566,"Alan Rickman","actor"
672,10993,"Tom Felton","actor"
672,11355,"Jason Isaacs","actor"
672,10965,"Chris Columbus","director"
76341,2524,"Tom Hardy","actor"
76341,6885,"Charlize Theron","actor"
76341,3292,"Nicholas Hoult","actor"
76341,26060,"Hugh Keays-Byrne","actor"
76341,1056053,"Josh Helman","actor"
76341,24898,"Nathan Jones","actor"
76341,37153,"Zoë Kravitz","actor"
76341,236048,"Rosie Huntington-Whiteley","actor"
76341,98522,"Riley Keough","actor"
76341,1036288,"Abbey Lee","actor"
76341,20629,"George Miller","director"
550,819,"Edward Norton","actor"
550,287,"Brad Pitt","actor"
550,1283,"Helena Bonham Carter","actor"
550,7470,"Meat Loaf","actor"
550,7499,"Jared Leto","actor"
550,7471,"Zach Grenier","actor"
550,7497,"Holt McCallany","actor"
550,7498,"Eion Bailey","actor"
550,7472,"Richmond Arquette","actor"
550,7219,"David Andrews","actor"
550,7467,"David Fincher","director"
126889,17288,"Michael Fassbender","actor"
126889,77795,"Katherine Waterston","actor"
126889,8289,"Billy Crudup","actor"
126889,62862,"Danny McBride","actor"
126889,76961,"Demián Bichir","actor"
126889,37158,"Carmen Ejogo","actor"
126889,181081,"Jussie Smollett","actor"
126889,1486488,"Callie Hernandez","actor"
126889,139150,"Amy Seimetz","actor"
126889,37290,"Nathaniel Dean","actor"
126889,578,"Ridley Scott","director"
674,10980,"Daniel Radcliffe","actor"
674,10989,"Rupert Grint","actor"
674,10990,"Emma Watson","actor"
674,2039,"Brendan Gleeson","actor"
674,5658,"Michael Gambon","actor"
674,11288,"Robert Pattinson","actor"
674,5469,"Ralph Fiennes","actor"
674,1923,"Robbie Coltrane","actor"
674,4566,"Alan Rickman","actor"
674,20049,"David Tennant","actor"
674,10723,"Mike Newell","director"
680,8891,"John Travolta","actor"
680,2231,"Samuel L. Jackson","actor"
680,139,"Uma Thurman","actor"
680,62,"Bruce Willis","actor"
680,10182,"Ving Rhames","actor"
680,1037,"Harvey Keitel","actor"
680,7036,"Eric Stoltz","actor"
680,3129,"Tim Roth","actor"
680,99,"Amanda Plummer","actor"
680,2319,"Maria de Medeiros","actor"
680,138,"Quentin Tarantino","director"
438631,1190668,"Timothée Chalamet","actor"
438631,933238,"Rebecca Ferguson","actor"
438631,25072,"Oscar Isaac","actor"
438631,117642,"Jason Momoa","actor"
438631,1640,"Stellan Skarsgård","actor"
438631,196179,"Stephen McKinley Henderson","actor"
438631,16851,"Josh Brolin","actor"
438631,3810,"Javier Bardem","actor"
438631,195666,"Sharon Duncan-Brewster","actor"
438631,1622,"Chang Chen","actor"
438631,137427,"Denis Villeneuve","director"
673,10980,"Daniel Radcliffe","actor"
673,10989,"Rupert Grint","actor"
673,10990,"Emma Watson","actor"
673,1923,"Robbie Coltrane","actor"
673,5658,"Michael Gambon","actor"
673,64,"Gary Oldman","actor"
673,11207,"David Thewlis","actor"
673,9191,"Timothy Spall","actor"
673,4566,"Alan Rickman","actor"
673,10993,"Tom Felton","actor"
673,11218,"Alfonso Cuarón","director"
361743,500,"Tom Cruise","actor"
361743,996701,"Miles Teller","actor"
361743,6161,"Jennifer Connelly","actor"
361743,1241330,"Bashir Salahuddin","actor"
361743,65717,"Jon Hamm","actor"
361743,124112,"Charles Parnell","actor"
361743,1525043,"Monica Barbaro","actor"
361743,1700685,"Lewis Pullman","actor"
361743,151680,"Jay Ellis","actor"
361743,1773397,"Danny Ramirez","actor"
361743,86270,"Joseph Kosinski","director"
1302904,18277,"Sandra Bullock","actor"
1302904,2227,"Nicole Kidman","actor"
1302904,125025,"Joey King","actor"
1302904,1181313,"Maisie Williams","actor"
1302904,1185997,"Xolo Maridueña","actor"
1302904,72095,"Lee Pace","actor"
1302904,1902,"Dianne Wiest","actor"
1302904,8893,"Stockard Channing","actor"
1302904,3060978,"Solly McLeod","actor"
1302904,5639097,"Ema Cavolli","actor"
1302904,1011,"Susanne Bier","director"
1439930,19498,"Jon Bernthal","actor"
1439930,212154,"Deborah Ann Woll","actor"
1439930,555252,"Jason R. Moore","actor"
1439930,80415,"Judith Light","actor"
1439930,968851,"Kelli Barrett","actor"
1439930,74957,"Andre Royo","actor"
1439930,1218156,"John Douglas Thompson","actor"
1439930,6194326,"Colton Hill","actor"
1439930,6194324,"Nick Koumalatsos","actor"
1439930,5243473,"Addie Bernthal","actor"
1439930,1415665,"Reinaldo Marcus Green","director"
1641580,4444297,"Athena Park","actor"
1641580,1841419,"Josh Bainbridge","actor"
1641580,1880021,"Donno Mitoma","actor"
1641580,1649898,"Lora Burke","actor"
1641580,1570331,"Morgan Bedard","actor"
1641580,1825795,"Verlyn Plowman","actor"
1641580,4704606,"Justyce Bieuz","actor"
1641580,2519872,"Matt Lishman","actor"
1641580,1978315,"Jason Manella","actor"
1641580,2557884,"Tracey Berti","actor"
1641580,5477104,"James Anthony Usas","director"
1329016,3918497,"Dominic Sessa","actor"
1329016,3131,"Antonio Banderas","actor"
1329016,1331023,"Emilia Jones","actor"
1329016,3477880,"Leo Woodall","actor"
1329016,1400595,"Stavros Halkias","actor"
1329016,1942129,"Michael Jibrin","actor"
1329016,221600,"Monica Raymund","actor"
1329016,10581,"Rich Sommer","actor"
1329016,52776,"Dagmara Dominczyk","actor"
1329016,6364844,"Liam Fitch","actor"
1329016,1144092,"Matt Johnson","director"
1314481,1813,"Anne Hathaway","actor"
1314481,5064,"Meryl Streep","actor"
1314481,5081,"Emily Blunt","actor"
1314481,2283,"Stanley Tucci","actor"
1314481,11181,"Kenneth Branagh","actor"
1314481,15009,"Justin Theroux","actor"
1314481,140,"Lucy Liu","actor"
1314481,10580,"Tracie Thoms","actor"
1314481,1192389,"Tibor Feldman","actor"
1314481,107770,"B.J. Novak","actor"
1314481,5065,"David Frankel","director"
895954,1647345,"Lee Eun-mi","actor"
895954,2663160,"Yeon Joo","actor"
895954,3164807,"Yoon Yool","actor"
895954,2294764,"Han Seok-bong","actor"
895954,2576502,"Gil Dong","actor"
911430,287,"Brad Pitt","actor"
911430,1837297,"Damson Idris","actor"
911430,3810,"Javier Bardem","actor"
911430,62105,"Kerry Condon","actor"
911430,10920,"Tobias Menzies","actor"
911430,3398,"Kim Bodnia","actor"
911430,65447,"Sarah Niles","actor"
911430,1221073,"Will Merrick","actor"
911430,1477143,"Joseph Balderrama","actor"
911430,58431,"Abdul Salis","actor"
911430,86270,"Joseph Kosinski","director"
26827,3125,"Madonna","actor"
26827,2171,"Griffin Dunne","actor"
26827,1794,"Bibi Besch","actor"
26827,13728,"John McMartin","actor"
26827,11859,"John Mills","actor"
26827,16181,"Haviland Morris","actor"
26827,33662,"Coati Mundi","actor"
26827,86547,"Drew Pillsbury","actor"
26827,3217,"Robert Swan","actor"
26827,2283,"Stanley Tucci","actor"
26827,15890,"James Foley","director"
557,2219,"Tobey Maguire","actor"
557,5293,"Willem Dafoe","actor"
557,205,"Kirsten Dunst","actor"
557,17051,"James Franco","actor"
557,19153,"Cliff Robertson","actor"
557,18998,"Rosemary Harris","actor"
557,18999,"J.K. Simmons","actor"
557,20580,"Joe Manganiello","actor"
557,19468,"Gerry Becker","actor"
557,5502,"Bill Nunn","actor"
557,7623,"Sam Raimi","director"
843352,50098,"Jason David Frank","actor"
843352,1309082,"Aaron Schoenke","actor"
843352,170413,"Jason Faunt","actor"
843352,83274,"Rachele Brooke Smith","actor"
843352,147,"Michael Madsen","actor"
843352,1350469,"Andrew Bachelor","actor"
843352,116774,"David Ramsey","actor"
843352,18702,"Mark Dacascos","actor"
843352,1749772,"Chalet Lizette Brannan","actor"
843352,1016433,"Kevin Porter","actor"
843352,1309082,"Aaron Schoenke","director"
377670,36633,"Irineo Alvarez","actor"
377670,271,"José Sefami","actor"
377670,1043824,"Pascacio López","actor"
377670,76856,"Kristoff Raczynski","actor"
377670,1324336,"Horacio Castelo","actor"
377670,1563950,"Edgardo González","actor"
377670,937447,"José Carlos Rodríguez","actor"
377670,39458,"Armando Hernández","actor"
377670,1872990,"Fernando Sarfatti","actor"
377670,2362052,"Alejandro López","actor"
377670,1563948,"Axel Uriegas","director"
950028,59315,"Olivia Wilde","actor"
950028,19274,"Seth Rogen","actor"
950028,955,"Penélope Cruz","actor"
950028,819,"Edward Norton","actor"
950028,3252036,"Skip Howland","actor"
950028,2079867,"Mel Powell","actor"
950028,3709705,"Rachel Thurow","actor"
950028,6353553,"Mario Valdez","actor"
950028,59315,"Olivia Wilde","director"
1368166,115440,"Sydney Sweeney","actor"
1368166,71070,"Amanda Seyfried","actor"
1368166,1855143,"Brandon Sklenar","actor"
1368166,2349355,"Michele Morrone","actor"
1368166,4342318,"Indiana Elle","actor"
1368166,2035942,"Sarah Cooper","actor"
1368166,20,"Elizabeth Perkins","actor"
1368166,1517553,"Amanda Joy Erickson","actor"
1368166,1306314,"Megan Ferguson","actor"
1368166,2013576,"Ellen Tamaki","actor"
1368166,116805,"Paul Feig","director"
161,1461,"George Clooney","actor"
161,287,"Brad Pitt","actor"
161,1271,"Andy Garcia","actor"
161,1892,"Matt Damon","actor"
161,1204,"Julia Roberts","actor"
161,1893,"Casey Affleck","actor"
161,1894,"Scott Caan","actor"
161,1896,"Don Cheadle","actor"
161,827,"Elliott Gould","actor"
161,1898,"Eddie Jemison","actor"
161,1884,"Steven Soderbergh","director"
1290821,976,"Jason Statham","actor"
1290821,4088089,"Bodhi Rae Breathnach","actor"
1290821,1537686,"Naomi Ackie","actor"
1290821,1670,"Daniel Mays","actor"
1290821,17477,"Harriet Walter","actor"
1290821,2440,"Bill Nighy","actor"
1290821,1563431,"Michael Shaeffer","actor"
1290821,1233545,"Anna Crilly","actor"
1290821,237087,"Eugenia Caruso","actor"
1290821,1389549,"Céline Buckens","actor"
1290821,76422,"Ric Roman Waugh","director"
64437,35323,"Jacques Villeret","actor"
64437,28281,"Jean-Pierre Bacri","actor"
64437,39881,"Pauline Lafont","actor"
64437,2168,"Jean Bouise","actor"
64437,38901,"Guy Marchand","actor"
64437,82289,"Jean-Paul Lilienfeld","actor"
64437,13692,"Jacques Mathou","actor"
64437,21680,"Dominique Besnehard","actor"
64437,585717,"Laurent Gendron","actor"
64437,19069,"Claude Chabrol","actor"
64437,21647,"Gérard Krawczyk","director"
1723013,5165492,"Aliya Raymundo","actor"
1723013,5701090,"Margaret Diaz","actor"
1723013,1200479,"Albie Casiño","actor"
1723013,4475099,"Ghion Layug","actor"
1723013,227100,"Topel Lee","director"
803796,144279,"Arden Cho","actor"
803796,1948606,"May Hong","actor"
803796,2983147,"Ji-young Yoo","actor"
803796,1571598,"Ahn Hyo-seop","actor"
803796,28662,"Yunjin Kim","actor"
803796,83586,"Ken Jeong","actor"
803796,25002,"Lee Byung-hun","actor"
803796,18307,"Daniel Dae Kim","actor"
803796,2371545,"Joel Kim Booster","actor"
803796,1700631,"Liza Koshy","actor"
803796,3003169,"Maggie Kang","director"
803796,1453550,"Chris Appelhans","director"
1495,114,"Orlando Bloom","actor"
1495,10912,"Eva Green","actor"
1495,16940,"Jeremy Irons","actor"
1495,11207,"David Thewlis","actor"
1495,70577,"Ghassan Massoud","actor"
1495,3896,"Liam Neeson","actor"
1495,2039,"Brendan Gleeson","actor"
1495,20982,"Marton Csokas","actor"
1495,2957,"Alexander Siddig","actor"
1495,3968,"Michael Sheen","actor"
1495,578,"Ridley Scott","director"
218,1100,"Arnold Schwarzenegger","actor"
218,2712,"Michael Biehn","actor"
218,2713,"Linda Hamilton","actor"
218,1818,"Paul Winfield","actor"
218,2714,"Lance Henriksen","actor"
218,2717,"Rick Rossovich","actor"
218,2715,"Bess Motta","actor"
218,2716,"Earl Boen","actor"
218,102441,"Dick Miller","actor"
218,65001,"Shawn Schepps","actor"
218,2710,"James Cameron","director"
414906,11288,"Robert Pattinson","actor"
414906,37153,"Zoë Kravitz","actor"
414906,2954,"Jeffrey Wright","actor"
414906,72466,"Colin Farrell","actor"
414906,17142,"Paul Dano","actor"
414906,1241,"John Turturro","actor"
414906,1333,"Andy Serkis","actor"
414906,133,"Peter Sarsgaard","actor"
414906,1290466,"Barry Keoghan","actor"
414906,2455272,"Jayme Lawson","actor"
414906,32278,"Matt Reeves","director"
354912,1193391,"Anthony Gonzalez","actor"
354912,258,"Gael García Bernal","actor"
354912,4589,"Benjamin Bratt","actor"
354912,10402,"Alanna Ubach","actor"
354912,154004,"Renée Victor","actor"
354912,545087,"Jaime Camil","actor"
354912,22767,"Alfonso Arau","actor"
354912,178667,"Herbert Siguenza","actor"
354912,86498,"Gabriel Iglesias","actor"
354912,4992,"Lombardo Boyar","actor"
354912,8,"Lee Unkrich","director"
138843,21657,"Vera Farmiga","actor"
138843,17178,"Patrick Wilson","actor"
138843,3127,"Lili Taylor","actor"
138843,17402,"Ron Livingston","actor"
138843,63663,"Hayley McFarland","actor"
138843,1186840,"Sterling Jerins","actor"
138843,553504,"Shanley Caswell","actor"
138843,851784,"Mackenzie Foy","actor"
138843,125025,"Joey King","actor"
138843,1186839,"Kyla Deaver","actor"
138843,2127,"James Wan","director"
1265609,64295,"Alan Ritchson","actor"
1265609,1388314,"Stephan James","actor"
1265609,4377249,"Blake Richardson","actor"
1265609,6065,"Dennis Quaid","actor"
1265609,65344,"Esai Morales","actor"
1265609,224181,"Jai Courtney","actor"
1265609,4099372,"Alex King","actor"
1265609,1251875,"Keiynan Lonsdale","actor"
1265609,5208267,"Jack Patten","actor"
1265609,1217765,"James Beaufort","actor"
1265609,143059,"Patrick Hughes","director"
14836,501,"Dakota Fanning","actor"
14836,10742,"Teri Hatcher","actor"
14836,12094,"Jennifer Saunders","actor"
14836,5539,"Dawn French","actor"
14836,65827,"Keith David","actor"
14836,77344,"John Hodgman","actor"
14836,55426,"Robert Bailey Jr.","actor"
14836,6972,"Ian McShane","actor"
14836,2011351,"Aankha Neal","actor"
14836,2011353,"George Selick","actor"
14836,57646,"Henry Selick","director"
1010581,2527414,"Nicole Wallace","actor"
1010581,2786960,"Gabriel Guevara","actor"
1010581,970027,"Marta Hazas","actor"
1010581,1251336,"Iván Sánchez","actor"
1010581,4105602,"Eva Ruiz","actor"
1010581,2126335,"Víctor Varona","actor"
1010581,3212974,"Fran Berenguer","actor"
1010581,4105605,"Adriana Ubani","actor"
1010581,31422,"Ivan Massagué","actor"
1010581,56468,"Mariano Venancio","actor"
1010581,1739102,"Domingo González","director"
1007757,135651,"Michael B. Jordan","actor"
1007757,36594,"Juno Temple","actor"
1007757,56903,"Tracy Morgan","actor"
1007757,5726,"Cedric the Entertainer","actor"
1007757,95517,"Justina Machado","actor"
1007757,41565,"Nate Torrence","actor"
1007757,4663666,"Camden Brooks","actor"
1007757,1934645,"Táta Vega","actor"
1007757,3411764,"Ambika Mod","actor"
1007757,1627501,"Lolly Adefope","actor"
1007757,121830,"Nathan Greno","director"
8587,4756,"Matthew Broderick","actor"
8587,20005,"Moira Kelly","actor"
8587,16940,"Jeremy Irons","actor"
8587,78729,"Nathan Lane","actor"
8587,69415,"Ernie Sabella","actor"
8587,15152,"James Earl Jones","actor"
8587,8294,"Robert Guillaume","actor"
8587,10730,"Rowan Atkinson","actor"
8587,2395,"Whoopi Goldberg","actor"
8587,11159,"Cheech Marin","actor"
8587,15812,"Roger Allers","director"
8587,18898,"Rob Minkoff","director"
39254,6968,"Hugh Jackman","actor"
39254,234479,"Dakota Goyo","actor"
39254,19034,"Evangeline Lilly","actor"
39254,79072,"Kevin Durand","actor"
39254,53650,"Anthony Mackie","actor"
39254,15250,"Hope Davis","actor"
39254,8986,"James Rebhorn","actor"
39254,19860,"Karl Yune","actor"
39254,1126350,"Sophie Levy","actor"
39254,1126351,"Tess Levy","actor"
39254,17825,"Shawn Levy","director"
131631,72129,"Jennifer Lawrence","actor"
131631,27972,"Josh Hutcherson","actor"
131631,96066,"Liam Hemsworth","actor"
131631,57755,"Woody Harrelson","actor"
131631,9281,"Elizabeth Banks","actor"
131631,1231,"Julianne Moore","actor"
131631,1233,"Philip Seymour Hoffman","actor"
131631,2954,"Jeffrey Wright","actor"
131631,2283,"Stanley Tucci","actor"
131631,55636,"Donald Sutherland","actor"
131631,10943,"Francis Lawrence","director"
68718,134,"Jamie Foxx","actor"
68718,27319,"Christoph Waltz","actor"
68718,6193,"Leonardo DiCaprio","actor"
68718,11703,"Kerry Washington","actor"
68718,2231,"Samuel L. Jackson","actor"
68718,27740,"Walton Goggins","actor"
68718,27770,"Dennis Christopher","actor"
68718,1736,"James Remar","actor"
68718,1067187,"David Steen","actor"
68718,1133063,"Dana Gourrier","actor"
68718,138,"Quentin Tarantino","director"
121,109,"Elijah Wood","actor"
121,1327,"Ian McKellen","actor"
121,110,"Viggo Mortensen","actor"
121,1328,"Sean Astin","actor"
121,1333,"Andy Serkis","actor"
121,655,"John Rhys-Davies","actor"
121,114,"Orlando Bloom","actor"
121,1369,"Bernard Hill","actor"
121,502,"Miranda Otto","actor"
121,1330,"Dominic Monaghan","actor"
121,108,"Peter Jackson","director"
76600,65731,"Sam Worthington","actor"
76600,8691,"Zoe Saldaña","actor"
76600,10205,"Sigourney Weaver","actor"
76600,32747,"Stephen Lang","actor"
76600,204,"Kate Winslet","actor"
76600,7248,"Cliff Curtis","actor"
76600,59231,"Joel David Moore","actor"
76600,30485,"CCH Pounder","actor"
76600,36190,"Edie Falco","actor"
76600,55936,"Jemaine Clement","actor"
76600,2710,"James Cameron","director"
10588,12073,"Mike Myers","actor"
10588,501,"Dakota Fanning","actor"
10588,35654,"Spencer Breslin","actor"
10588,11164,"Kelly Preston","actor"
10588,7447,"Alec Baldwin","actor"
10588,59401,"Amy Hill","actor"
10588,52601,"Sean Hayes","actor"
10588,135532,"Danielle Chuchran","actor"
10588,1056728,"Taylor Rice","actor"
10588,982705,"Brittany Oaks","actor"
10588,5133,"Bo Welch","director"
99861,3223,"Robert Downey Jr.","actor"
99861,74568,"Chris Hemsworth","actor"
99861,103,"Mark Ruffalo","actor"
99861,16828,"Chris Evans","actor"
99861,1245,"Scarlett Johansson","actor"
99861,17604,"Jeremy Renner","actor"
99861,13548,"James Spader","actor"
99861,2231,"Samuel L. Jackson","actor"
99861,1896,"Don Cheadle","actor"
99861,27428,"Aaron Taylor-Johnson","actor"
99861,12891,"Joss Whedon","director"
242,1158,"Al Pacino","actor"
242,3092,"Diane Keaton","actor"
242,3094,"Talia Shire","actor"
242,1271,"Andy Garcia","actor"
242,3265,"Eli Wallach","actor"
242,3266,"Joe Mantegna","actor"
242,3267,"George Hamilton","actor"
242,2233,"Bridget Fonda","actor"
242,1769,"Sofia Coppola","actor"
242,3268,"Raf Vallone","actor"
242,1776,"Francis Ford Coppola","director"
597,6193,"Leonardo DiCaprio","actor"
597,204,"Kate Winslet","actor"
597,1954,"Billy Zane","actor"
597,8534,"Kathy Bates","actor"
597,3713,"Frances Fisher","actor"
597,8535,"Gloria Stuart","actor"
597,2053,"Bill Paxton","actor"
597,1369,"Bernard Hill","actor"
597,2076,"David Warner","actor"
597,8536,"Victor Garber","actor"
597,2710,"James Cameron","director"
1061474,1785590,"David Corenswet","actor"
1061474,993774,"Rachel Brosnahan","actor"
1061474,3292,"Nicholas Hoult","actor"
1061474,39391,"Edi Gathegi","actor"
1061474,51797,"Nathan Fillion","actor"
1061474,1428070,"Isabela Merced","actor"
1061474,1601451,"María Gabriela de Faría","actor"
1061474,61263,"Skyler Gisondo","actor"
1061474,21088,"Alan Tudyk","actor"
1061474,5441666,"Grace Chan","actor"
1061474,15218,"James Gunn","director"
6435,18277,"Sandra Bullock","actor"
6435,2227,"Nicole Kidman","actor"
6435,8893,"Stockard Channing","actor"
6435,1902,"Dianne Wiest","actor"
6435,5725,"Goran Višnjić","actor"
6435,18992,"Aidan Quinn","actor"
6435,38940,"Evan Rachel Wood","actor"
6435,51681,"Alexandra Artrip","actor"
6435,11365,"Mark Feuerstein","actor"
6435,154698,"Caprice Benedetti","actor"
6435,2171,"Griffin Dunne","director"
862,31,"Tom Hanks","actor"
862,12898,"Tim Allen","actor"
862,7167,"Don Rickles","actor"
862,12899,"Jim Varney","actor"
862,12900,"Wallace Shawn","actor"
862,7907,"John Ratzenberger","actor"
862,8873,"Annie Potts","actor"
862,1116442,"John Morris","actor"
862,12901,"Erik von Detten","actor"
862,12133,"Laurie Metcalf","actor"
862,7879,"John Lasseter","director"
10681,670,"Ben Burtt","actor"
10681,72754,"Elissa Knight","actor"
10681,60074,"Jeff Garlin","actor"
10681,20753,"Fred Willard","actor"
10681,7907,"John Ratzenberger","actor"
10681,11074,"Kathy Najimy","actor"
10681,10205,"Sigourney Weaver","actor"
10681,24358,"Lori Alan","actor"
10681,78317,"Bob Bergen","actor"
10681,167295,"John Cygan","actor"
10681,7,"Andrew Stanton","director"
385687,12835,"Vin Diesel","actor"
385687,17647,"Michelle Rodriguez","actor"
385687,8169,"Tyrese Gibson","actor"
385687,8171,"Ludacris","actor"
385687,56446,"John Cena","actor"
385687,1251069,"Nathalie Emmanuel","actor"
385687,22123,"Jordana Brewster","actor"
385687,61697,"Sung Kang","actor"
385687,117642,"Jason Momoa","actor"
385687,928572,"Scott Eastwood","actor"
385687,18865,"Louis Leterrier","director"
1333273,2550077,"Park Ga-in","actor"
1333273,2557514,"Lee Sul-ah","actor"
1333273,2152295,"Jeong Ho-yoon","actor"
1333273,1908003,"Park Do-jin","actor"
1333273,2631089,"Shin Hyo-sung","director"
1297842,1474123,"Caleb McLaughlin","actor"
1297842,17773,"Gabrielle Union","actor"
1297842,1718307,"Stephen Curry","actor"
1297842,1763709,"Aaron Pierre","actor"
1297842,1267240,"Nicola Coughlan","actor"
1297842,35029,"David Harbour","actor"
1297842,208519,"Nick Kroll","actor"
1297842,15899,"Jenifer Lewis","actor"
1297842,10872,"Patton Oswalt","actor"
1297842,2974019,"Jelly Roll","actor"
1297842,2122835,"Tyree Dillihay","director"
447365,73457,"Chris Pratt","actor"
447365,8691,"Zoe Saldaña","actor"
447365,543530,"Dave Bautista","actor"
447365,543261,"Karen Gillan","actor"
447365,139820,"Pom Klementieff","actor"
447365,12835,"Vin Diesel","actor"
447365,51329,"Bradley Cooper","actor"
447365,51663,"Sean Gunn","actor"
447365,105238,"Chukwudi Iwuji","actor"
447365,93491,"Will Poulter","actor"
447365,15218,"James Gunn","director"
129,19587,"Rumi Hiiragi","actor"
129,19588,"Miyu Irino","actor"
129,19589,"Mari Natsuki","actor"
129,19590,"Takashi Naito","actor"
129,19591,"Yasuko Sawaguchi","actor"
129,19592,"Tatsuya Gashuin","actor"
129,225730,"Ryunosuke Kamiki","actor"
129,19594,"Yumi Tamai","actor"
129,40450,"Yo Oizumi","actor"
129,554423,"Koba Hayashi","actor"
129,608,"Hayao Miyazaki","director"
977942,37625,"Andrew Garfield","actor"
977942,478,"Jamie Bell","actor"
977942,8435,"Stephen Dillane","actor"
977942,2441,"Tom Hollander","actor"
977942,1363054,"Cosmo Jarvis","actor"
977942,1356758,"Thomasin McKenzie","actor"
977942,9012,"Jonny Lee Miller","actor"
977942,1945369,"Woody Norman","actor"
977942,77795,"Katherine Waterston","actor"
977942,25074,"Stanley Townsend","actor"
977942,25598,"Paul Greengrass","director"
1433583,569,"Ethan Hawke","actor"
1433583,934,"Russell Crowe","actor"
1433583,87310,"Julia Jones","actor"
1433583,1552436,"Austin Amelio","actor"
1433583,1617697,"Avi Nash","actor"
1433583,1444453,"Lucas Lynggaard Tønnesen","actor"
1433583,563559,"Sam Hazeldine","actor"
1433583,2966859,"George Burgess","actor"
1433583,2483492,"Jeff Hallman","actor"
1433583,13362,"Alec Newman","actor"
1433583,36619,"Padraic McKinley","director"
1022789,56322,"Amy Poehler","actor"
1022789,1903874,"Maya Hawke","actor"
1022789,3020876,"Kensington Tallman","actor"
1022789,51998,"Liza Lapira","actor"
1022789,25147,"Tony Hale","actor"
1022789,59258,"Lewis Black","actor"
1022789,169200,"Phyllis Smith","actor"
1022789,2195140,"Ayo Edebiri","actor"
1022789,1469135,"Lilimar","actor"
1022789,3264370,"Grace Lu","actor"
1022789,182001,"Kelsey Mann","director"
1304313,1007683,"Jack Reynor","actor"
1304313,1425019,"Laia Costa","actor"
1304313,1952051,"May Calamawy","actor"
1304313,3524429,"Natalie Grace","actor"
1304313,2886183,"Shylo Molina","actor"
1304313,3768556,"Billie Roy","actor"
1304313,1029593,"Veronica Falcón","actor"
1304313,1743875,"Hayat Kamille","actor"
1304313,1850319,"May Elghety","actor"
1304313,3543561,"Emily Mitchell","actor"
1304313,1398631,"Lee Cronin","director"
1514026,298410,"Keegan-Michael Key","actor"
1514026,204392,"Cristin Milioti","actor"
1514026,3484285,"Delaney Quinn","actor"
1514026,3173336,"Caleb Williams","actor"
1514026,4505121,"Madison Polan","actor"
1514026,4119575,"Tristan Borders","actor"
1514026,10872,"Patton Oswalt","actor"
1514026,6436428,"Jimmica Collins","actor"
1514026,89599,"Eric Bauza","actor"
1514026,17052,"Topher Grace","actor"
1514026,1232064,"Casper Kelly","director"
1241982,1564846,"Auliʻi Cravalho","actor"
1241982,18918,"Dwayne Johnson","actor"
1241982,4775908,"Hualālai Chung","actor"
1241982,1868823,"Rose Matafeo","actor"
1241982,55937,"David Fane","actor"
1241982,3819173,"Awhimai Fraser","actor"
1241982,4775906,"Khaleesi Lambert-Tsuda","actor"
1241982,7242,"Temuera Morrison","actor"
1241982,151246,"Nicole Scherzinger","actor"
1241982,15298,"Rachel House","actor"
1241982,4524084,"David G. Derrick Jr.","director"
1241982,1461394,"Jason Hand","director"
1241982,1513971,"Dana Ledoux Miller","director"
324857,587506,"Shameik Moore","actor"
324857,543505,"Jake Johnson","actor"
324857,130640,"Hailee Steinfeld","actor"
324857,932967,"Mahershala Ali","actor"
324857,226366,"Brian Tyree Henry","actor"
324857,10437,"Lily Tomlin","actor"
324857,141610,"Luna Lauren Vélez","actor"
324857,37153,"Zoë Kravitz","actor"
324857,933558,"John Mulaney","actor"
324857,1443708,"Kimiko Glenn","actor"
324857,936670,"Bob Persichetti","director"
324857,151007,"Peter Ramsey","director"
324857,59918,"Rodney Rothman","director"
1242898,18050,"Elle Fanning","actor"
1242898,3223391,"Dimitrius Schuster-Koloamatangi","actor"
1242898,1891826,"Ravi Narayan","actor"
1242898,2253146,"Michael Homick","actor"
1242898,1636658,"Stefan Grube","actor"
1242898,1440649,"Reuben De Jong","actor"
1242898,1856011,"Cameron Brown","actor"
1242898,1257565,"Alison Wright","actor"
1242898,1179419,"Matt Duffer","actor"
1242898,1179422,"Ross Duffer","actor"
1242898,568322,"Dan Trachtenberg","director"
58,85,"Johnny Depp","actor"
58,114,"Orlando Bloom","actor"
58,116,"Keira Knightley","actor"
58,1709,"Jack Davenport","actor"
58,2440,"Bill Nighy","actor"
58,378,"Jonathan Pryce","actor"
58,1710,"Lee Arenberg","actor"
58,1711,"Mackenzie Crook","actor"
58,2449,"Kevin McNally","actor"
58,1715,"David Bailie","actor"
58,1704,"Gore Verbinski","director"
931285,1372,"Karl Urban","actor"
931285,2168270,"Adeline Rudolph","actor"
931285,1525689,"Ludi Lin","actor"
931285,136347,"Jessica McNamee","actor"
931285,1510237,"Martyn Ford","actor"
931285,189230,"Josh Lawson","actor"
931285,1859934,"Tati Gabrielle","actor"
931285,51684,"Mehcad Brooks","actor"
931285,13275,"Tadanobu Asano","actor"
931285,101015,"Chin Han","actor"
931285,1828590,"Simon McQuoid","director"
1265,27972,"Josh Hutcherson","actor"
1265,1285,"AnnaSophia Robb","actor"
1265,11664,"Zooey Deschanel","actor"
1265,418,"Robert Patrick","actor"
1265,54479,"Bailee Madison","actor"
1265,54478,"Kate Butler","actor"
1265,3522797,"Devon Wood","actor"
1265,54481,"Emma Fenton","actor"
1265,54480,"Grace Brannigan","actor"
1265,54485,"Latham Gaines","actor"
1265,36697,"Gábor Csupó","director"
98,934,"Russell Crowe","actor"
98,73421,"Joaquin Phoenix","actor"
98,935,"Connie Nielsen","actor"
98,936,"Oliver Reed","actor"
98,194,"Richard Harris","actor"
98,937,"Derek Jacobi","actor"
98,938,"Djimon Hounsou","actor"
98,939,"David Schofield","actor"
98,940,"John Shrapnel","actor"
98,941,"Tomas Arana","actor"
98,578,"Ridley Scott","director"
1288059,59315,"Olivia Wilde","actor"
1288059,2764542,"Cooper Hoffman","actor"
1288059,2174509,"Mason Gooding","actor"
1288059,2420169,"Chase Sui Wonders","actor"
1288059,9656,"Johnny Knoxville","actor"
1288059,11152,"Margaret Cho","actor"
1288059,7706,"Roxane Mesquida","actor"
1288059,1529997,"Charli xcx","actor"
1288059,1652371,"Daveed Diggs","actor"
1288059,6382991,"Daniel Stevens","actor"
1288059,19224,"Gregg Araki","director"
976912,1085939,"David Wayman","actor"
976912,2667809,"Sian Altman","actor"
976912,3367977,"May Kelly","actor"
976912,3320644,"Ocean M Harris","actor"
976912,1865766,"Valis Volkova","actor"
976912,3553535,"Jack Edwards","actor"
976912,3553537,"Caidney Simone","actor"
976912,3489245,"Eva Ray","actor"
976912,3553539,"Felicia Westring","actor"
976912,1475390,"Fahad Salman","actor"
976912,1551205,"Andy Edwards","director"
617126,1253360,"Pedro Pascal","actor"
617126,556356,"Vanessa Kirby","actor"
617126,21042,"Ebon Moss-Bachrach","actor"
617126,1597365,"Joseph Quinn","actor"
617126,202032,"Ralph Ineson","actor"
617126,936970,"Julia Garner","actor"
617126,1294982,"Paul Walter Hauser","actor"
617126,10871,"Natasha Lyonne","actor"
617126,65447,"Sarah Niles","actor"
617126,34546,"Mark Gatiss","actor"
617126,1212522,"Matt Shakman","director"
390062,10980,"Daniel Radcliffe","actor"
390062,558466,"Alex Russell","actor"
390062,3491,"Thomas Kretschmann","actor"
390062,1509682,"Joel Jackson","actor"
390062,1661479,"Yasmin Kassim","actor"
390062,1488797,"Luis Jose Lopez","actor"
390062,1186659,"Lily Sullivan","actor"
390062,12210,"Jacek Koman","actor"
390062,1184801,"Angie Milliken","actor"
390062,8398,"John Bluthal","actor"
390062,59998,"Greg McLean","director"
315635,1136406,"Tom Holland","actor"
315635,2232,"Michael Keaton","actor"
315635,3223,"Robert Downey Jr.","actor"
315635,3141,"Marisa Tomei","actor"
315635,15277,"Jon Favreau","actor"
315635,12052,"Gwyneth Paltrow","actor"
315635,505710,"Zendaya","actor"
315635,119589,"Donald Glover","actor"
315635,1649152,"Jacob Batalon","actor"
315635,1606394,"Laura Harrier","actor"
315635,1293994,"Jon Watts","director"
986056,1373737,"Florence Pugh","actor"
986056,60898,"Sebastian Stan","actor"
986056,15886,"Julia Louis-Dreyfus","actor"
986056,1700685,"Lewis Pullman","actor"
986056,35029,"David Harbour","actor"
986056,986808,"Wyatt Russell","actor"
986056,1408809,"Hannah John-Kamen","actor"
986056,18182,"Olga Kurylenko","actor"
986056,1803287,"Geraldine Viswanathan","actor"
986056,17859,"Wendell Pierce","actor"
986056,836732,"Jake Schreier","director"
1726,3223,"Robert Downey Jr.","actor"
1726,18288,"Terrence Howard","actor"
1726,1229,"Jeff Bridges","actor"
1726,12052,"Gwyneth Paltrow","actor"
1726,57451,"Leslie Bibb","actor"
1726,17857,"Shaun Toub","actor"
1726,57452,"Faran Tahir","actor"
1726,9048,"Clark Gregg","actor"
1726,17200,"Bill Smitrovich","actor"
1726,173810,"Sayed Badreya","actor"
1726,15277,"Jon Favreau","director"
12,13,"Albert Brooks","actor"
12,14,"Ellen DeGeneres","actor"
12,12,"Alexander Gould","actor"
12,5293,"Willem Dafoe","actor"
12,118,"Geoffrey Rush","actor"
12,18,"Brad Garrett","actor"
12,19,"Allison Janney","actor"
12,6168,"Austin Pendleton","actor"
12,17401,"Stephen Root","actor"
12,14723,"Vicki Lewis","actor"
12,7,"Andrew Stanton","director"
575265,500,"Tom Cruise","actor"
575265,39459,"Hayley Atwell","actor"
575265,10182,"Ving Rhames","actor"
575265,11108,"Simon Pegg","actor"
575265,65344,"Esai Morales","actor"
575265,139820,"Pom Klementieff","actor"
575265,15319,"Henry Czerny","actor"
575265,7497,"Holt McCallany","actor"
575265,47627,"Janet McTeer","actor"
575265,17039,"Nick Offerman","actor"
575265,9033,"Christopher McQuarrie","director"
1122573,73968,"Henry Cavill","actor"
1122573,131,"Jake Gyllenhaal","actor"
1122573,1222992,"Eiza González","actor"
1122573,78882,"Carlos Bardem","actor"
1122573,553271,"Michael Vu","actor"
1122573,26473,"Fisher Stevens","actor"
1122573,10882,"Rosamund Pike","actor"
1122573,1561506,"Mohammed Al Turki","actor"
1122573,3933515,"Kojo Attah","actor"
1122573,1033691,"Jason Wong","actor"
1122573,956,"Guy Ritchie","director"
939243,222121,"Ben Schwartz","actor"
939243,206,"Jim Carrey","actor"
939243,6384,"Keanu Reeves","actor"
939243,17605,"Idris Elba","actor"
939243,1212864,"Colleen O'Shaughnessey","actor"
939243,11006,"James Marsden","actor"
939243,110742,"Tika Sumpter","actor"
939243,208677,"Lee Majdoub","actor"
939243,78080,"Krysten Ritter","actor"
939243,115974,"Adam Pally","actor"
939243,93364,"Jeff Fowler","director"
912649,2524,"Tom Hardy","actor"
912649,5294,"Chiwetel Ejiofor","actor"
912649,36594,"Juno Temple","actor"
912649,7026,"Rhys Ifans","actor"
912649,1115,"Stephen Graham","actor"
912649,2141479,"Peggy Lu","actor"
912649,1861573,"Clark Backo","actor"
912649,10402,"Alanna Ubach","actor"
912649,2627590,"Cristo Fernández","actor"
912649,1011019,"Jared Abrahamson","actor"
912649,940376,"Kelly Marcel","director"
933260,3416,"Demi Moore","actor"
933260,1392137,"Margaret Qualley","actor"
933260,6065,"Dennis Quaid","actor"
933260,2313436,"Edward Hamilton-Clark","actor"
933260,1508131,"Gore Abrams","actor"
933260,2566289,"Oscar Lesage","actor"
933260,45849,"Christian Erickson","actor"
933260,4954230,"Robin Greer","actor"
933260,584338,"Tom Morton","actor"
933260,1720509,"Hugo Diego Garcia","actor"
933260,1607016,"Coralie Fargeat","director"
244786,996701,"Miles Teller","actor"
244786,18999,"J.K. Simmons","actor"
244786,781,"Paul Reiser","actor"
244786,129104,"Melissa Benoist","actor"
244786,970216,"Austin Stowell","actor"
244786,1451540,"Nate Lang","actor"
244786,15824,"Chris Mulkey","actor"
244786,53454,"Damon Gupton","actor"
244786,1212459,"Suanne Spoke","actor"
244786,52939,"Max Kasch","actor"
244786,136495,"Damien Chazelle","director"
71578,563429,"Karyme Lozano","actor"
71578,563430,"Juan Vidal","actor"
71578,237569,"Rafael Amaya","actor"
71578,1795724,"Carmen Rodríguez","actor"
71578,7353,"Angélica Aragón","actor"
71578,1591309,"Isabel Madow","actor"
71578,1248713,"Julio Camejo","actor"
71578,1243950,"Cynthia Klitbo","actor"
71578,974799,"Sebastián Ligarde","actor"
71578,2326697,"Jorge da Silva","actor"
71578,563432,"Enrique Gómez Vadillo","director"
675,10980,"Daniel Radcliffe","actor"
675,10989,"Rupert Grint","actor"
675,10990,"Emma Watson","actor"
675,11356,"Imelda Staunton","actor"
675,1283,"Helena Bonham Carter","actor"
675,1923,"Robbie Coltrane","actor"
675,64,"Gary Oldman","actor"
675,5469,"Ralph Fiennes","actor"
675,5658,"Michael Gambon","actor"
675,4566,"Alan Rickman","actor"
675,11343,"David Yates","director"
1525963,3164807,"Yoon Yool","actor"
1525963,1907997,"Min Do-yoon","actor"
1525963,2630058,"So Ra","actor"
497,31,"Tom Hanks","actor"
497,52,"David Morse","actor"
497,5149,"Bonnie Hunt","actor"
497,61981,"Michael Clarke Duncan","actor"
497,2505,"James Cromwell","actor"
497,2169,"Michael Jeter","actor"
497,6804,"Graham Greene","actor"
497,6806,"Doug Hutchison","actor"
497,6807,"Sam Rockwell","actor"
497,12834,"Barry Pepper","actor"
497,4027,"Frank Darabont","director"
496243,20738,"Song Kang-ho","actor"
496243,115290,"Lee Sun-kyun","actor"
496243,556435,"Cho Yeo-jeong","actor"
496243,1255881,"Choi Woo-shik","actor"
496243,1442583,"Park So-dam","actor"
496243,1572354,"Lee Jung-eun","actor"
496243,2158882,"Jang Hye-jin","actor"
496243,1694435,"Park Myung-hoon","actor"
496243,1418762,"Jung Zi-so","actor"
496243,2306987,"Jung Hyeon-jun","actor"
496243,21684,"Bong Joon Ho","director"
767,10980,"Daniel Radcliffe","actor"
767,10989,"Rupert Grint","actor"
767,10990,"Emma Watson","actor"
767,388,"Jim Broadbent","actor"
767,5658,"Michael Gambon","actor"
767,10993,"Tom Felton","actor"
767,4566,"Alan Rickman","actor"
767,10991,"Bonnie Wright","actor"
767,234924,"Jessie Cave","actor"
767,140367,"Evanna Lynch","actor"
767,11343,"David Yates","director"
1233413,135651,"Michael B. Jordan","actor"
1233413,130640,"Hailee Steinfeld","actor"
1233413,4688032,"Miles Caton","actor"
1233413,85065,"Jack O'Connell","actor"
1233413,134774,"Wunmi Mosaku","actor"
1233413,2455272,"Jayme Lawson","actor"
1233413,334,"Omar Benson Miller","actor"
1233413,18792,"Delroy Lindo","actor"
1233413,1321015,"Li Jun Li","actor"
1233413,3495960,"Yao","actor"
1233413,1056121,"Ryan Coogler","director"
210577,880,"Ben Affleck","actor"
210577,10882,"Rosamund Pike","actor"
210577,41686,"Neil Patrick Harris","actor"
210577,80602,"Tyler Perry","actor"
210577,1308445,"Carrie Coon","actor"
210577,21165,"Kim Dickens","actor"
210577,11663,"Patrick Fugit","actor"
210577,15412,"David Clennon","actor"
210577,52878,"Lisa Banes","actor"
210577,1294,"Missi Pyle","actor"
210577,7467,"David Fincher","director"
1168190,543530,"Dave Bautista","actor"
1168190,117642,"Jason Momoa","actor"
1168190,7242,"Temuera Morrison","actor"
1168190,54882,"Morena Baccarin","actor"
1168190,1298669,"Roimata Fox","actor"
1168190,1753341,"Frankie Adams","actor"
1168190,150802,"Claes Bang","actor"
1168190,1649152,"Jacob Batalon","actor"
1168190,3988423,"Maia Kealoha","actor"
1168190,17401,"Stephen Root","actor"
1168190,1500758,"Ángel Manuel Soto","director"
1078605,936970,"Julia Garner","actor"
1078605,16851,"Josh Brolin","actor"
1078605,71375,"Alden Ehrenreich","actor"
1078605,148992,"Austin Abrams","actor"
1078605,30082,"Benedict Wong","actor"
1078605,23882,"Amy Madigan","actor"
1078605,2407997,"Cary Christopher","actor"
1078605,18271,"Toby Huss","actor"
1078605,1105322,"Whitmer Thomas","actor"
1078605,2438324,"Callie Schuttera","actor"
1078605,84833,"Zach Cregger","director"
105,521,"Michael J. Fox","actor"
105,1062,"Christopher Lloyd","actor"
105,1064,"Crispin Glover","actor"
105,1063,"Lea Thompson","actor"
105,1066,"Claudia Wells","actor"
105,1065,"Thomas F. Wilson","actor"
105,1067,"Marc McClure","actor"
105,1068,"Wendie Jo Sperber","actor"
105,1069,"George DiCenzo","actor"
105,1070,"Frances Lee McCain","actor"
105,24,"Robert Zemeckis","director"
1154538,1144092,"Matt Johnson","actor"
1154538,216057,"Jay McCarrol","actor"
1154538,1570400,"Ben Petrie","actor"
1154538,3341232,"Ethan Eng","actor"
1154538,2887536,"Michael Scott","actor"
1154538,1273512,"Jared Raab","actor"
1154538,1793723,"Reid Janisse","actor"
1154538,4094560,"Steve Hamelin","actor"
1154538,1805216,"Luke Lalonde","actor"
1154538,1281028,"Maddy Wilde","actor"
1154538,1144092,"Matt Johnson","director"
1428226,175615,"Mauricio Ochmann","actor"
1428226,1134883,"Aislinn Derbez","actor"
1428226,1169140,"Daniel Pérez Prada","actor"
1428226,5221388,"Melina Figueroa","actor"
1428226,4563639,"Miguel Ángel Jiménez","actor"
1428226,6212646,"Eduardo Santacruz","actor"
1428226,5221389,"Emiliano Castro Vizcarra","director"
13,31,"Tom Hanks","actor"
13,32,"Robin Wright","actor"
13,33,"Gary Sinise","actor"
13,35,"Sally Field","actor"
13,34,"Mykelti Williamson","actor"
13,37821,"Michael Conner Humphreys","actor"
13,204997,"Hanna Hall","actor"
13,9640,"Haley Joel Osment","actor"
13,6751,"Siobhan Fallon Hogan","actor"
13,3817610,"Rebecca Williams","actor"
13,24,"Robert Zemeckis","director"
12445,10980,"Daniel Radcliffe","actor"
12445,10990,"Emma Watson","actor"
12445,10989,"Rupert Grint","actor"
12445,5469,"Ralph Fiennes","actor"
12445,4566,"Alan Rickman","actor"
12445,5658,"Michael Gambon","actor"
12445,11184,"Warwick Davis","actor"
12445,1283,"Helena Bonham Carter","actor"
12445,8785,"Ciarán Hinds","actor"
12445,96841,"Matthew Lewis","actor"
12445,11343,"David Yates","director"
28322,29915,"Joe Dallesandro","actor"
28322,100420,"Patrizia Behn","actor"
28322,38762,"Gianni Macchia","actor"
28322,101577,"Lorraine De Selle","actor"
28322,119370,"Omero Capanna","actor"
28322,49892,"Fernando Di Leo","director"
1727780,6334059,"Marissa Arguijo","actor"
1727780,2488033,"Michael-Eoin Stanney","actor"
1727780,1005130,"Marcus Jean Pirae","actor"
1727780,6334068,"Dominic Hernandez","actor"
1727780,172880,"Nigel Vonas","actor"
1727780,6334069,"Oscar Alejandro","actor"
1727780,5340190,"Mary Salafia","actor"
1727780,3608633,"Ryan Jordan","director"
49013,15897,"Larry the Cable Guy","actor"
49013,887,"Owen Wilson","actor"
49013,3895,"Michael Caine","actor"
49013,1246,"Emily Mortimer","actor"
49013,1926,"Suzy Eddie Izzard","actor"
49013,1241,"John Turturro","actor"
49013,188559,"Brent Musburger","actor"
49013,3266,"Joe Mantegna","actor"
49013,3491,"Thomas Kretschmann","actor"
49013,31514,"Peter Jacobson","actor"
49013,7879,"John Lasseter","director"
948,9221,"Donald Pleasence","actor"
948,8944,"Jamie Lee Curtis","actor"
948,11787,"Nancy Kyes","actor"
948,15500,"P. J. Soles","actor"
948,11786,"Charles Cyphers","actor"
948,15503,"Kyle Richards","actor"
948,15505,"Brian Andrews","actor"
948,15506,"John Michael Graham","actor"
948,15508,"Nancy Stephens","actor"
948,13392,"Arthur Malet","actor"
948,11770,"John Carpenter","director"
1171145,74568,"Chris Hemsworth","actor"
1171145,103,"Mark Ruffalo","actor"
1171145,4587,"Halle Berry","actor"
1171145,1290466,"Barry Keoghan","actor"
1171145,1525043,"Monica Barbaro","actor"
1171145,1733,"Nick Nolte","actor"
1171145,1154054,"Corey Hawkins","actor"
1171145,10431,"Jennifer Jason Leigh","actor"
1171145,1561485,"Peter Banifaz","actor"
1171145,1362974,"Babak Tafti","actor"
1171145,859754,"Bart Layton","director"
3933,85,"Johnny Depp","actor"
3933,1283,"Helena Bonham Carter","actor"
3933,1639,"Emily Watson","actor"
3933,30364,"Tracey Ullman","actor"
3933,34900,"Paul Whitehouse","actor"
3933,34901,"Joanna Lumley","actor"
3933,3926,"Albert Finney","actor"
3933,20766,"Richard E. Grant","actor"
3933,113,"Christopher Lee","actor"
3933,3796,"Michael Gough","actor"
3933,510,"Tim Burton","director"
3933,34891,"Mike Johnson","director"
950387,117642,"Jason Momoa","actor"
950387,70851,"Jack Black","actor"
950387,2680307,"Sebastian Eugene Hansen","actor"
950387,2604515,"Emma Myers","actor"
950387,1075037,"Danielle Brooks","actor"
950387,38334,"Jennifer Coolidge","actor"
950387,15298,"Rachel House","actor"
950387,1207281,"Allan Henry","actor"
950387,5345339,"Bram Scott-Breheny","actor"
950387,5345340,"Moana Williams","actor"
950387,53925,"Jared Hess","director"
585,1230,"John Goodman","actor"
585,7904,"Billy Crystal","actor"
585,7905,"Mary Gibbs","actor"
585,884,"Steve Buscemi","actor"
585,5563,"James Coburn","actor"
585,7906,"Jennifer Tilly","actor"
585,10,"Bob Peterson","actor"
585,7907,"John Ratzenberger","actor"
585,7908,"Frank Oz","actor"
585,7884,"Daniel Gerson","actor"
585,12890,"Pete Docter","director"
840464,17276,"Gerard Butler","actor"
840464,54882,"Morena Baccarin","actor"
840464,2054851,"Roman Griffin Davis","actor"
840464,1754784,"Tommie Earl Jenkins","actor"
840464,85151,"Trond Fausa Aurvåg","actor"
840464,574378,"Amber Rose Revah","actor"
840464,2738818,"Gina Gangar","actor"
840464,2033965,"Antonio De Lima","actor"
840464,78019,"Peter Polycarpou","actor"
840464,1977127,"Beruce Khan","actor"
840464,76422,"Ric Roman Waugh","director"
49026,3894,"Christian Bale","actor"
49026,64,"Gary Oldman","actor"
49026,2524,"Tom Hardy","actor"
49026,24045,"Joseph Gordon-Levitt","actor"
49026,1813,"Anne Hathaway","actor"
49026,8293,"Marion Cotillard","actor"
49026,192,"Morgan Freeman","actor"
49026,3895,"Michael Caine","actor"
49026,8654,"Matthew Modine","actor"
49026,16607,"Alon Aboutboul","actor"
49026,525,"Christopher Nolan","director"
466272,6193,"Leonardo DiCaprio","actor"
466272,287,"Brad Pitt","actor"
466272,234352,"Margot Robbie","actor"
466272,46593,"Emile Hirsch","actor"
466272,1392137,"Margaret Qualley","actor"
466272,18082,"Timothy Olyphant","actor"
466272,1651362,"Julia Butters","actor"
466272,86654,"Austin Butler","actor"
466272,501,"Dakota Fanning","actor"
466272,6905,"Bruce Dern","actor"
466272,138,"Quentin Tarantino","director"
976893,18056,"Koji Yakusho","actor"
976893,1015822,"Tokio Emoto","actor"
976893,4011271,"Arisa Nakano","actor"
976893,3086230,"Aoi Yamada","actor"
976893,79457,"Yumi Aso","actor"
976893,1630770,"Sayuri Ishikawa","actor"
976893,33134,"Tomokazu Miura","actor"
976893,136191,"Min Tanaka","actor"
976893,4500897,"Miyako Tanaka","actor"
976893,2212955,"Ron Mizuma","actor"
976893,2303,"Wim Wenders","director"
1087192,2803710,"Mason Thames","actor"
1087192,2064124,"Nico Parker","actor"
1087192,17276,"Gerard Butler","actor"
1087192,11109,"Nick Frost","actor"
1087192,3792786,"Gabriel Howell","actor"
1087192,1139349,"Julian Dennison","actor"
1087192,1587577,"Bronwyn James","actor"
1087192,2104260,"Harry Trevaldwyn","actor"
1087192,1216581,"Murray McArthur","actor"
1087192,11115,"Peter Serafinowicz","actor"
1087192,69797,"Dean DeBlois","director"
1318467,1172108,"Mckenna Grace","actor"
1318467,3449368,"Arkira Chantaratananond","actor"
1318467,1650148,"Jaden Michael","actor"
1318467,2234168,"Riley Davis","actor"
1318467,2414683,"Bergman Freedman","actor"
1318467,984711,"Kate Drummond","actor"
1318467,1014293,"Samantha Espie","actor"
1318467,3624549,"Cooper Levy","actor"
1318467,3465111,"Eve Edwards","actor"
1318467,5919,"Stephanie Moore","actor"
1318467,1951740,"Yoko Okumura","director"
315162,3131,"Antonio Banderas","actor"
315162,3136,"Salma Hayek Pinault","actor"
315162,210172,"Harvey Guillén","actor"
315162,52583,"Wagner Moura","actor"
315162,1373737,"Florence Pugh","actor"
315162,39187,"Olivia Colman","actor"
315162,5538,"Ray Winstone","actor"
315162,1346535,"Samson Kayo","actor"
315162,933558,"John Mulaney","actor"
315162,1180099,"Da'Vine Joy Randolph","actor"
315162,1450348,"Joel Crawford","director"
198663,527393,"Dylan O'Brien","actor"
198663,115150,"Kaya Scodelario","actor"
198663,25663,"Thomas Brodie-Sangster","actor"
198663,1310760,"Ki Hong Lee","actor"
198663,93491,"Will Poulter","actor"
198663,78062,"Aml Ameen","actor"
198663,1276,"Patricia Clarkson","actor"
198663,1389339,"Blake Cooper","actor"
198663,1036196,"Dexter Darden","actor"
198663,512316,"Jacob Latimore","actor"
198663,1179066,"Wes Ball","director"
1283515,1813,"Anne Hathaway","actor"
1283515,118545,"Dakota Johnson","actor"
1283515,2299,"Josh Hartnett","actor"
1283515,5269231,"Brady Wagner","actor"
1283515,1100144,"Ismael Cruz Cordova","actor"
1283515,1429011,"Irina Dvorovenko","actor"
1283515,6497911,"Sienna Kulovitz","actor"
1283515,221810,"K.K. Moggie","actor"
1283515,1620969,"Tom Galantich","actor"
1283515,106187,"Lou Martini Jr.","actor"
1283515,22215,"Michael Showalter","director"
10193,31,"Tom Hanks","actor"
10193,12898,"Tim Allen","actor"
10193,3234,"Joan Cusack","actor"
10193,7167,"Don Rickles","actor"
10193,12900,"Wallace Shawn","actor"
10193,7907,"John Ratzenberger","actor"
10193,61964,"Estelle Harris","actor"
10193,21485,"Blake Clark","actor"
10193,7882,"Jeff Pidgeon","actor"
10193,13726,"Ned Beatty","actor"
10193,8,"Lee Unkrich","director"
271110,16828,"Chris Evans","actor"
271110,3223,"Robert Downey Jr.","actor"
271110,1245,"Scarlett Johansson","actor"
271110,60898,"Sebastian Stan","actor"
271110,53650,"Anthony Mackie","actor"
271110,1896,"Don Cheadle","actor"
271110,17604,"Jeremy Renner","actor"
271110,172069,"Chadwick Boseman","actor"
271110,6162,"Paul Bettany","actor"
271110,550843,"Elizabeth Olsen","actor"
271110,19272,"Joe Russo","director"
271110,19271,"Anthony Russo","director"
615777,1413390,"Diego Calva","actor"
615777,234352,"Margot Robbie","actor"
615777,287,"Brad Pitt","actor"
615777,1607522,"Jovan Adepo","actor"
615777,5376,"Jean Smart","actor"
615777,932143,"J.C. Currais","actor"
615777,4606,"Jimmy Ortega","actor"
615777,21401,"Marcos A. Ferraez","actor"
615777,117569,"Shane Powers","actor"
615777,145247,"Phoebe Tonkin","actor"
615777,136495,"Damien Chazelle","director"
12444,10980,"Daniel Radcliffe","actor"
12444,10990,"Emma Watson","actor"
12444,10989,"Rupert Grint","actor"
12444,13014,"Toby Jones","actor"
12444,1283,"Helena Bonham Carter","actor"
12444,4566,"Alan Rickman","actor"
12444,5469,"Ralph Fiennes","actor"
12444,2440,"Bill Nighy","actor"
12444,16358,"Simon McBurney","actor"
12444,7026,"Rhys Ifans","actor"
12444,11343,"David Yates","director"
122917,1327,"Ian McKellen","actor"
122917,7060,"Martin Freeman","actor"
122917,30315,"Richard Armitage","actor"
122917,114,"Orlando Bloom","actor"
122917,19034,"Evangeline Lilly","actor"
122917,114019,"Luke Evans","actor"
122917,72095,"Lee Pace","actor"
122917,71580,"Benedict Cumberbatch","actor"
122917,25136,"Ken Stott","actor"
122917,207558,"Aidan Turner","actor"
122917,108,"Peter Jackson","director"
893723,1172108,"Mckenna Grace","actor"
893723,40036,"Taraji P. Henson","actor"
893723,1407498,"Marsai Martin","actor"
893723,1684536,"Iain Armitage","actor"
893723,1721268,"Christian Convery","actor"
893723,3044930,"Will Brisbin","actor"
893723,2844053,"Finn Lee-Epp","actor"
893723,1227611,"Ron Pardo","actor"
893723,1488961,"Lil Rel Howery","actor"
893723,2632,"Chris Rock","actor"
893723,1098477,"Cal Brunker","director"
11,2,"Mark Hamill","actor"
11,3,"Harrison Ford","actor"
11,4,"Carrie Fisher","actor"
11,5,"Peter Cushing","actor"
11,12248,"Alec Guinness","actor"
11,6,"Anthony Daniels","actor"
11,130,"Kenny Baker","actor"
11,24343,"Peter Mayhew","actor"
11,24342,"David Prowse","actor"
11,15152,"James Earl Jones","actor"
11,1,"George Lucas","director"
106646,6193,"Leonardo DiCaprio","actor"
106646,21007,"Jonah Hill","actor"
106646,234352,"Margot Robbie","actor"
106646,10297,"Matthew McConaughey","actor"
106646,3497,"Kyle Chandler","actor"
106646,3026,"Rob Reiner","actor"
106646,19498,"Jon Bernthal","actor"
106646,15277,"Jon Favreau","actor"
106646,56024,"Jean Dujardin","actor"
106646,34901,"Joanna Lumley","actor"
106646,1032,"Martin Scorsese","director"
389,1936,"Martin Balsam","actor"
389,5247,"John Fiedler","actor"
389,5248,"Lee J. Cobb","actor"
389,5249,"E.G. Marshall","actor"
389,5250,"Jack Klugman","actor"
389,2651,"Edward Binns","actor"
389,5251,"Jack Warden","actor"
389,4958,"Henry Fonda","actor"
389,5252,"Joseph Sweeney","actor"
389,39816,"Ed Begley","actor"
389,39996,"Sidney Lumet","director"
9806,8977,"Craig T. Nelson","actor"
9806,18686,"Holly Hunter","actor"
9806,59361,"Sarah Vowell","actor"
9806,59360,"Spencer Fox","actor"
9806,11662,"Jason Lee","actor"
9806,2231,"Samuel L. Jackson","actor"
9806,7430,"Elizabeth Peña","actor"
9806,59358,"Eli Fucile","actor"
9806,59359,"Maeve Andrews","actor"
9806,7087,"Brad Bird","actor"
9806,7087,"Brad Bird","director"
603692,6384,"Keanu Reeves","actor"
603692,1341,"Donnie Yen","actor"
603692,137905,"Bill Skarsgård","actor"
603692,6972,"Ian McShane","actor"
603692,2975,"Laurence Fishburne","actor"
603692,129101,"Lance Reddick","actor"
603692,6574,"Clancy Brown","actor"
603692,9195,"Hiroyuki Sanada","actor"
603692,2337629,"Rina Sawayama","actor"
603692,78110,"Scott Adkins","actor"
603692,40644,"Chad Stahelski","director"
1124142,10297,"Matthew McConaughey","actor"
1124142,6856,"Kurt Russell","actor"
1124142,4769412,"Angelina LookingGlass","actor"
1124142,56730,"Cole Sprouse","actor"
1124142,1475960,"Scott Shepherd","actor"
1124142,1281250,"Rob Morgan","actor"
1124142,1291350,"Tony Revolori","actor"
1124142,1481235,"Jake Horowitz","actor"
1124142,1586047,"Owen Teague","actor"
1124142,1622069,"Bruce Davis","actor"
1124142,2186238,"Andrew Patterson","director"
240,1158,"Al Pacino","actor"
240,3087,"Robert Duvall","actor"
240,3092,"Diane Keaton","actor"
240,380,"Robert De Niro","actor"
240,3096,"John Cazale","actor"
240,3094,"Talia Shire","actor"
240,3171,"Lee Strasberg","actor"
240,3172,"Michael V. Gazzo","actor"
240,3173,"G.D. Spradlin","actor"
240,3174,"Richard Bright","actor"
240,1776,"Francis Ford Coppola","director"
1930,37625,"Andrew Garfield","actor"
1930,54693,"Emma Stone","actor"
1930,7026,"Rhys Ifans","actor"
1930,5724,"Denis Leary","actor"
1930,8349,"Martin Sheen","actor"
1930,35,"Sally Field","actor"
1930,76793,"Irrfan Khan","actor"
1930,55152,"Campbell Scott","actor"
1930,6368,"Embeth Davidtz","actor"
1930,231547,"Chris Zylka","actor"
1930,87742,"Marc Webb","director"
559,2219,"Tobey Maguire","actor"
559,205,"Kirsten Dunst","actor"
559,17051,"James Franco","actor"
559,19159,"Thomas Haden Church","actor"
559,17052,"Topher Grace","actor"
559,18997,"Bryce Dallas Howard","actor"
559,18998,"Rosemary Harris","actor"
559,18999,"J.K. Simmons","actor"
559,2505,"James Cromwell","actor"
559,19152,"Dylan Baker","actor"
559,7623,"Sam Raimi","director"
285,85,"Johnny Depp","actor"
285,118,"Geoffrey Rush","actor"
285,114,"Orlando Bloom","actor"
285,116,"Keira Knightley","actor"
285,1709,"Jack Davenport","actor"
285,2440,"Bill Nighy","actor"
285,378,"Jonathan Pryce","actor"
285,1710,"Lee Arenberg","actor"
285,1711,"Mackenzie Crook","actor"
285,2449,"Kevin McNally","actor"
285,1704,"Gore Verbinski","director"
165,521,"Michael J. Fox","actor"
165,1062,"Christopher Lloyd","actor"
165,1063,"Lea Thompson","actor"
165,1065,"Thomas F. Wilson","actor"
165,1951,"Elisabeth Shue","actor"
165,1072,"James Tolkan","actor"
165,1952,"Jeffrey Weissman","actor"
165,1953,"Casey Siemaszko","actor"
165,1954,"Billy Zane","actor"
165,11673,"J.J. Cohen","actor"
165,24,"Robert Zemeckis","director"
436969,234352,"Margot Robbie","actor"
436969,17605,"Idris Elba","actor"
436969,56446,"John Cena","actor"
436969,92404,"Joel Kinnaman","actor"
436969,16483,"Sylvester Stallone","actor"
436969,19492,"Viola Davis","actor"
436969,83854,"David Dastmalchian","actor"
436969,1784612,"Daniela Melchior","actor"
436969,12132,"Michael Rooker","actor"
436969,224181,"Jai Courtney","actor"
436969,15218,"James Gunn","director"
1380417,1639847,"Yahya Abdul-Mateen II","actor"
1380417,13240,"Mark Wahlberg","actor"
1380417,87243,"Nicole Beharie","actor"
1380417,6164,"Josh Lucas","actor"
1380417,11064,"David Strathairn","actor"
1380417,4808,"Giancarlo Esposito","actor"
1380417,58019,"Ethan Embry","actor"
1380417,64908,"LisaGay Hamilton","actor"
1380417,56689,"LaChanze","actor"
1380417,2532897,"Biko Eisen-Martin","actor"
1380417,2022068,"Elegance Bratton","director"
177572,66580,"Scott Adsit","actor"
177572,515510,"Ryan Potter","actor"
177572,82093,"Daniel Henney","actor"
177572,51990,"T.J. Miller","actor"
177572,78324,"Jamie Chung","actor"
177572,87822,"Damon Wayans Jr.","actor"
177572,589162,"Genesis Rodriguez","actor"
177572,2505,"James Cromwell","actor"
177572,21088,"Alan Tudyk","actor"
177572,52792,"Maya Rudolph","actor"
177572,227439,"Don Hall","director"
177572,70238,"Chris Williams","director"
808,12073,"Mike Myers","actor"
808,776,"Eddie Murphy","actor"
808,6941,"Cameron Diaz","actor"
808,12074,"John Lithgow","actor"
808,1925,"Vincent Cassel","actor"
808,12075,"Peter Dennis","actor"
808,12076,"Clive Pearse","actor"
808,12077,"Jim Cummings","actor"
808,12078,"Bobby Block","actor"
808,12098,"Chris Miller","actor"
808,5524,"Andrew Adamson","director"
808,12058,"Vicky Jenson","director"
637649,976,"Jason Statham","actor"
637649,7497,"Holt McCallany","actor"
637649,1629429,"Rocci Williams","actor"
637649,2299,"Josh Hartnett","actor"
637649,52886,"Jeffrey Donovan","actor"
637649,928572,"Scott Eastwood","actor"
637649,1271,"Andy Garcia","actor"
637649,58758,"Deobia Oparei","actor"
637649,10964,"Laz Alonso","actor"
637649,557579,"Raúl Castillo","actor"
637649,956,"Guy Ritchie","director"
1380291,17697,"John Krasinski","actor"
1380291,17859,"Wendell Pierce","actor"
1380291,23459,"Sienna Miller","actor"
1380291,50217,"Michael Kelly","actor"
1380291,66587,"Max Beesley","actor"
1380291,1660452,"Betty Gabriel","actor"
1380291,30710,"JJ Feild","actor"
1380291,80149,"Douglas Hodge","actor"
1380291,109874,"Dominic Mafham","actor"
1380291,2303015,"Alex Brockdorff","actor"
1380291,1215659,"Andrew Bernstein","director"
798645,83271,"Glen Powell","actor"
798645,91671,"Colman Domingo","actor"
798645,72095,"Lee Pace","actor"
798645,16851,"Josh Brolin","actor"
798645,3905,"William H. Macy","actor"
798645,39995,"Michael Cera","actor"
798645,1331023,"Emilia Jones","actor"
798645,1339627,"Daniel Ezra","actor"
798645,2455272,"Jayme Lawson","actor"
798645,52601,"Sean Hayes","actor"
798645,11090,"Edgar Wright","director"
466420,6193,"Leonardo DiCaprio","actor"
466420,380,"Robert De Niro","actor"
466420,1183917,"Lily Gladstone","actor"
466420,88124,"Jesse Plemons","actor"
466420,7863,"Tantoo Cardinal","actor"
466420,12074,"John Lithgow","actor"
466420,18269,"Brendan Fraser","actor"
466420,3006897,"Cara Jade Myers","actor"
466420,3006898,"JaNae Collins","actor"
466420,2698946,"Jillian Dion","actor"
466420,1032,"Martin Scorsese","director"
798645,83271,"Glen Powell","actor"
798645,91671,"Colman Domingo","actor"
798645,72095,"Lee Pace","actor"
798645,16851,"Josh Brolin","actor"
798645,3905,"William H. Macy","actor"
798645,39995,"Michael Cera","actor"
798645,1331023,"Emilia Jones","actor"
798645,1339627,"Daniel Ezra","actor"
798645,2455272,"Jayme Lawson","actor"
798645,52601,"Sean Hayes","actor"
798645,11090,"Edgar Wright","director"
466420,6193,"Leonardo DiCaprio","actor"
466420,380,"Robert De Niro","actor"
466420,1183917,"Lily Gladstone","actor"
466420,88124,"Jesse Plemons","actor"
466420,7863,"Tantoo Cardinal","actor"
466420,12074,"John Lithgow","actor"
466420,18269,"Brendan Fraser","actor"
466420,3006897,"Cara Jade Myers","actor"
466420,3006898,"JaNae Collins","actor"
466420,2698946,"Jillian Dion","actor"
466420,1032,"Martin Scorsese","director"
27449,14974,"Barbara Stanwyck","actor"
27449,20364,"George Brent","actor"
27449,97775,"Donald Cook","actor"
27449,97776,"Alphonse Ethier","actor"
27449,80236,"Henry Kolker","actor"
27449,20365,"Margaret Lindsay","actor"
27449,25176,"Arthur Hohl","actor"
27449,4165,"John Wayne","actor"
27449,88672,"Robert Barrat","actor"
27449,34748,"Douglass Dumbrille","actor"
27449,97774,"Alfred E. Green","director"
280,1100,"Arnold Schwarzenegger","actor"
280,2713,"Linda Hamilton","actor"
280,820,"Edward Furlong","actor"
280,418,"Robert Patrick","actor"
280,2716,"Earl Boen","actor"
280,3977,"Joe Morton","actor"
280,3978,"S. Epatha Merkerson","actor"
280,3979,"Castulo Guerra","actor"
280,3980,"Danny Cooksey","actor"
280,3981,"Jenette Goldstein","actor"
280,2710,"James Cameron","director"
866398,976,"Jason Statham","actor"
866398,2026050,"Emmy Raver-Lampman","actor"
866398,27972,"Josh Hutcherson","actor"
866398,16940,"Jeremy Irons","actor"
866398,1375501,"Bobby Naderi","actor"
866398,1227776,"David Witts","actor"
866398,1338019,"Michael Epp","actor"
866398,1497913,"Taylor James","actor"
866398,119598,"Phylicia Rashād","actor"
866398,80145,"Jemma Redgrave","actor"
866398,19769,"David Ayer","director"
105864,963134,"Raymond Ochoa","actor"
105864,3910,"Frances McDormand","actor"
105864,2954,"Jeffrey Wright","actor"
105864,18324,"Steve Zahn","actor"
105864,16431,"Sam Elliott","actor"
105864,10690,"Anna Paquin","actor"
105864,7907,"John Ratzenberger","actor"
105864,60460,"A.J. Buckley","actor"
105864,1348591,"Marcus Scribner","actor"
105864,21198,"Peter Sohn","actor"
105864,21198,"Peter Sohn","director"
1698863,1718171,"Myrom Kingery","actor"
1698863,4499806,"Morgan Flanagan","actor"
1698863,3068552,"Patrick Byrnes","actor"
1698863,23790,"Dominic Keating","actor"
1698863,2722294,"Llana Barron","actor"
1698863,5056548,"Jordan Iverach","actor"
1698863,4318191,"Tony Wood","actor"
1698863,3135567,"Ashton Rogers","actor"
1698863,2953599,"Angelo Kern","actor"
1698863,2831424,"Martin Richard Chappell","actor"
1698863,228632,"Marcel Walz","director"
1301421,6968,"Hugh Jackman","actor"
1301421,85139,"Nicholas Braun","actor"
1301421,1425934,"Nicholas Galitzine","actor"
1301421,1782117,"Molly Gordon","actor"
1301421,15886,"Julia Louis-Dreyfus","actor"
1301421,17419,"Bryan Cranston","actor"
1301421,40477,"Chris O'Dowd","actor"
1301421,35705,"Regina Hall","actor"
1301421,2387,"Patrick Stewart","actor"
1301421,1668004,"Bella Ramsey","actor"
1301421,8023,"Kyle Balda","director"
453395,71580,"Benedict Cumberbatch","actor"
453395,1912381,"Xochitl Gomez","actor"
453395,550843,"Elizabeth Olsen","actor"
453395,5294,"Chiwetel Ejiofor","actor"
453395,30082,"Benedict Wong","actor"
453395,53714,"Rachel McAdams","actor"
453395,1538879,"Jett Klyne","actor"
453395,2047847,"Julian Hilliard","actor"
453395,72873,"Michael Stuhlbarg","actor"
453395,39459,"Hayley Atwell","actor"
453395,7623,"Sam Raimi","director"
1315091,4822041,"Vesta Matulytė","actor"
1315091,4822042,"Ieva Rupeikaitė","actor"
1315091,1334204,"Eglė Gabrėnaitė","actor"
1315091,1413997,"Giedrius Savickas","actor"
1315091,1788842,"Vilma Raubaitė","actor"
1315091,2424325,"Jekaterina Makarova","actor"
1315091,4962475,"Jokūbas Paškevičius","actor"
1315091,4962476,"Tadas Baranauskas","actor"
1315091,4962477,"Aleksandra Krivulina","actor"
1315091,4962478,"Violeta Vasiliuaskaitė","actor"
1315091,2898529,"Saulė Bliuvaitė","director"
549509,3490,"Adrien Brody","actor"
549509,72855,"Felicity Jones","actor"
549509,529,"Guy Pearce","actor"
549509,1496392,"Joe Alwyn","actor"
549509,1055230,"Raffey Cassidy","actor"
549509,1137823,"Stacy Martin","actor"
549509,4812,"Isaach de Bankolé","actor"
549509,4941,"Alessandro Nivola","actor"
549509,235125,"Ariane Labed","actor"
549509,1338019,"Michael Epp","actor"
549509,55493,"Brady Corbet","director"
348,4139,"Tom Skerritt","actor"
348,10205,"Sigourney Weaver","actor"
348,5047,"Veronica Cartwright","actor"
348,5048,"Harry Dean Stanton","actor"
348,5049,"John Hurt","actor"
348,65,"Ian Holm","actor"
348,5050,"Yaphet Kotto","actor"
348,5051,"Bolaji Badejo","actor"
348,5052,"Helen Horton","actor"
348,578,"Ridley Scott","director"
41630,524,"Natalie Portman","actor"
41630,18976,"Ashton Kutcher","actor"
41630,8945,"Kevin Kline","actor"
41630,2130,"Cary Elwes","actor"
41630,45400,"Greta Gerwig","actor"
41630,25703,"Lake Bell","actor"
41630,52442,"Olivia Thirlby","actor"
41630,8171,"Ludacris","actor"
41630,543505,"Jake Johnson","actor"
41630,125167,"Mindy Kaling","actor"
41630,8858,"Ivan Reitman","director"
1159559,9206,"Neve Campbell","actor"
1159559,14405,"Courteney Cox","actor"
1159559,1972974,"Isabel May","actor"
1159559,1508653,"Jasmin Savoy Brown","actor"
1159559,2174509,"Mason Gooding","actor"
1159559,51957,"Roger L. Jackson","actor"
1159559,221098,"Anna Camp","actor"
1159559,74949,"Joel McHale","actor"
1159559,1972881,"Celeste O'Connor","actor"
1159559,3132260,"Sam Rechner","actor"
1159559,26458,"Kevin Williamson","director"
552524,3988423,"Maia Kealoha","actor"
552524,3025125,"Sydney Agudong","actor"
552524,66193,"Chris Sanders","actor"
552524,58225,"Zach Galifianakis","actor"
552524,141034,"Billy Magnussen","actor"
552524,24047,"Courtney B. Vance","actor"
552524,59401,"Amy Hill","actor"
552524,13445,"Tia Carrere","actor"
552524,4022587,"Kaipo Dudoit","actor"
552524,1278487,"Hannah Waddingham","actor"
552524,1540069,"Dean Fleischer Camp","director"
9426,4785,"Jeff Goldblum","actor"
9426,16935,"Geena Davis","actor"
9426,20211,"John Getz","actor"
9426,57626,"Joy Boushel","actor"
9426,12716,"Leslie Carlson","actor"
9426,105298,"George Chuvalo","actor"
9426,180878,"Michael Copeman","actor"
9426,224,"David Cronenberg","actor"
9426,1030612,"Carol Lazare","actor"
9426,1030869,"Shawn Hewitt","actor"
9426,224,"David Cronenberg","director"
539972,27428,"Aaron Taylor-Johnson","actor"
539972,1437491,"Ariana DeBose","actor"
539972,2099497,"Fred Hechinger","actor"
539972,4941,"Alessandro Nivola","actor"
539972,984629,"Christopher Abbott","actor"
539972,934,"Russell Crowe","actor"
539972,238130,"Yuri Kolokolnikov","actor"
539972,1313583,"Levi Miller","actor"
539972,1546022,"Tom Reed","actor"
539972,1840063,"Billy Barratt","actor"
539972,556172,"J.C. Chandor","director"
284053,74568,"Chris Hemsworth","actor"
284053,103,"Mark Ruffalo","actor"
284053,91606,"Tom Hiddleston","actor"
284053,112,"Cate Blanchett","actor"
284053,17605,"Idris Elba","actor"
284053,4785,"Jeff Goldblum","actor"
284053,62561,"Tessa Thompson","actor"
284053,1372,"Karl Urban","actor"
284053,4173,"Anthony Hopkins","actor"
284053,71580,"Benedict Cumberbatch","actor"
284053,55934,"Taika Waititi","director"
1451944,223167,"Radhika Apte","actor"
1451944,85666,"Konkona Sen Sharma","actor"
1451944,1551045,"Vijay Varma","actor"
1451944,1708061,"Abhishek Banerjee","actor"
1451944,492791,"Ali Fazal","actor"
1451944,2103447,"Radhikka Madan","actor"
1451944,88797,"Aditi Rao Hydari","actor"
1451944,108216,"Siddharth","actor"
1451944,2555038,"Gurfateh Pirzada","actor"
1451944,5984116,"Sana Thampi","actor"
1451944,223853,"Vikramaditya Motwane","director"
1451944,130959,"Kiran Rao","director"
1451944,930926,"Shakun Batra","director"
1451944,87550,"Vishal Bhardwaj","director"
216015,118545,"Dakota Johnson","actor"
216015,1254583,"Jamie Dornan","actor"
216015,49971,"Jennifer Ehle","actor"
216015,222130,"Eloise Mumford","actor"
216015,59251,"Victor Rasuk","actor"
216015,56680,"Luke Grimes","actor"
216015,4726,"Marcia Gay Harden","actor"
216015,1089873,"Rita Ora","actor"
216015,94864,"Max Martini","actor"
216015,540,"Callum Keith Rennie","actor"
216015,1137903,"Sam Taylor-Johnson","director"
272,3894,"Christian Bale","actor"
272,3895,"Michael Caine","actor"
272,3896,"Liam Neeson","actor"
272,3897,"Katie Holmes","actor"
272,64,"Gary Oldman","actor"
272,2037,"Cillian Murphy","actor"
272,207,"Tom Wilkinson","actor"
272,585,"Rutger Hauer","actor"
272,3899,"Ken Watanabe","actor"
272,534,"Mark Boone Junior","actor"
272,525,"Christopher Nolan","director"
653346,1586047,"Owen Teague","actor"
653346,2146942,"Freya Allan","actor"
653346,79072,"Kevin Durand","actor"
653346,1444816,"Peter Macon","actor"
653346,3905,"William H. Macy","actor"
653346,966554,"Eka Darville","actor"
653346,1394427,"Travis Jeffery","actor"
653346,2435321,"Lydia Peckham","actor"
653346,136295,"Neil Sandilands","actor"
653346,3757983,"Ras-Samuel Welda'abzgi","actor"
653346,1179066,"Wes Ball","director"
920,887,"Owen Wilson","actor"
920,3636,"Paul Newman","actor"
920,5149,"Bonnie Hunt","actor"
920,15897,"Larry the Cable Guy","actor"
920,11159,"Cheech Marin","actor"
920,4252,"Tony Shalhoub","actor"
920,15898,"Guido Quaroni","actor"
920,15899,"Jenifer Lewis","actor"
920,15900,"Paul Dooley","actor"
920,15902,"Michael Wallis","actor"
920,7879,"John Lasseter","director"
76338,74568,"Chris Hemsworth","actor"
76338,524,"Natalie Portman","actor"
76338,91606,"Tom Hiddleston","actor"
76338,2040,"Christopher Eccleston","actor"
76338,4173,"Anthony Hopkins","actor"
76338,59817,"Jaimie Alexander","actor"
76338,69899,"Zachary Levi","actor"
76338,56614,"Ray Stevenson","actor"
76338,13275,"Tadanobu Asano","actor"
76338,17605,"Idris Elba","actor"
76338,47005,"Alan Taylor","director"
1325734,505710,"Zendaya","actor"
1325734,11288,"Robert Pattinson","actor"
1325734,1741367,"Alana Haim","actor"
1325734,1639848,"Mamoudou Athie","actor"
1325734,1599899,"Hailey Benton Gates","actor"
1325734,1303156,"Sydney Lemmon","actor"
1325734,1049916,"Hannah Gross","actor"
1325734,1724137,"Anna Baryshnikov","actor"
1325734,2482808,"Jordyn Curet","actor"
1325734,71889,"Michael Abbott Jr.","actor"
1325734,1280021,"Kristoffer Borgli","director"
11036,30614,"Ryan Gosling","actor"
11036,53714,"Rachel McAdams","actor"
11036,4800,"Gena Rowlands","actor"
11036,16896,"James Garner","actor"
11036,11148,"Joan Allen","actor"
11036,76526,"David Thornton","actor"
11036,11006,"James Marsden","actor"
11036,16666,"Kevin Connolly","actor"
11036,9880,"Sam Shepard","actor"
11036,44822,"Starletta DuPois","actor"
11036,11151,"Nick Cassavetes","director"
980477,2367355,"Lu Yanting","actor"
980477,2367356,"Joseph","actor"
980477,2368846,"Han Mo","actor"
980477,2368848,"Chen Hao","actor"
980477,2368849,"Lu Qi","actor"
980477,2368857,"Zhang Jiaming","actor"
980477,1574893,"Yang Wei","actor"
980477,1129530,"Wang Deshun","actor"
980477,4927413,"Yu Chen","actor"
980477,4926013,"Li Nan","actor"
980477,2367353,"Jiao Zi","director"
429617,1136406,"Tom Holland","actor"
429617,131,"Jake Gyllenhaal","actor"
429617,2231,"Samuel L. Jackson","actor"
429617,3141,"Marisa Tomei","actor"
429617,15277,"Jon Favreau","actor"
429617,505710,"Zendaya","actor"
429617,1649152,"Jacob Batalon","actor"
429617,1291350,"Tony Revolori","actor"
429617,1265629,"Angourie Rice","actor"
429617,1347947,"Remy Hii","actor"
429617,1293994,"Jon Watts","director"
228150,287,"Brad Pitt","actor"
228150,10959,"Shia LaBeouf","actor"
228150,33235,"Logan Lerman","actor"
228150,454,"Michael Peña","actor"
228150,19498,"Jon Bernthal","actor"
228150,83968,"Jim Parrack","actor"
228150,15376,"Brad William Henke","actor"
228150,1345133,"Kevin Vance","actor"
228150,109438,"Xavier Samuel","actor"
228150,11355,"Jason Isaacs","actor"
228150,19769,"David Ayer","director"
11324,6193,"Leonardo DiCaprio","actor"
11324,103,"Mark Ruffalo","actor"
11324,2282,"Ben Kingsley","actor"
11324,2201,"Max von Sydow","actor"
11324,1812,"Michelle Williams","actor"
11324,1246,"Emily Mortimer","actor"
11324,1276,"Patricia Clarkson","actor"
11324,17183,"Jackie Earle Haley","actor"
11324,15854,"Ted Levine","actor"
11324,3911,"John Carroll Lynch","actor"
11324,1032,"Martin Scorsese","director"
985939,54633,"Grace Caroline Currey","actor"
985939,1279279,"Virginia Gardner","actor"
985939,2174509,"Mason Gooding","actor"
985939,47296,"Jeffrey Dean Morgan","actor"
985939,945542,"Jasper Cole","actor"
985939,1232204,"Darrell Dennis","actor"
985939,3077005,"Bamm Ericsen","actor"
985939,82168,"Julia Pace Mitchell","actor"
985939,4013683,"Evie Mann","actor"
985939,4013686,"Joseph Mann","actor"
985939,90812,"Scott Mann","director"
259693,21657,"Vera Farmiga","actor"
259693,17178,"Patrick Wilson","actor"
259693,1330999,"Madison Wolfe","actor"
259693,1518,"Frances O'Connor","actor"
259693,1554519,"Lauren Esposito","actor"
259693,1554515,"Benjamin Haigh","actor"
259693,1554514,"Patrick McAuley","actor"
259693,1186840,"Sterling Jerins","actor"
259693,87287,"Bonnie Aarons","actor"
259693,16358,"Simon McBurney","actor"
259693,2127,"James Wan","director"
101299,72129,"Jennifer Lawrence","actor"
101299,27972,"Josh Hutcherson","actor"
101299,96066,"Liam Hemsworth","actor"
101299,57755,"Woody Harrelson","actor"
101299,9281,"Elizabeth Banks","actor"
101299,55636,"Donald Sutherland","actor"
101299,77069,"Lenny Kravitz","actor"
101299,1233,"Philip Seymour Hoffman","actor"
101299,2954,"Jeffrey Wright","actor"
101299,2283,"Stanley Tucci","actor"
101299,10943,"Francis Lawrence","director"
950396,996701,"Miles Teller","actor"
950396,1397778,"Anya Taylor-Joy","actor"
950396,10205,"Sigourney Weaver","actor"
950396,1479869,"Ṣọpẹ́ Dìrísù","actor"
950396,84865,"William Houston","actor"
950396,202775,"Kobna Holdbrook-Smith","actor"
950396,1797174,"James Marlowe","actor"
950396,3353402,"Julianna Kurokawa","actor"
950396,141892,"Ruta Gedmintas","actor"
950396,1395206,"Oliver Trevena","actor"
950396,55499,"Scott Derrickson","director"
73723,518,"Danny DeVito","actor"
73723,27105,"Ed Helms","actor"
73723,29222,"Zac Efron","actor"
73723,71403,"Rob Riggle","actor"
73723,212208,"Taylor Swift","actor"
73723,213001,"Jenny Slate","actor"
73723,71727,"Betty White","actor"
73723,476163,"Nasim Pedrad","actor"
73723,156136,"Joel Swetow","actor"
73723,73476,"Michael Beattie","actor"
73723,124748,"Chris Renaud","director"
37165,206,"Jim Carrey","actor"
37165,350,"Laura Linney","actor"
37165,11315,"Noah Emmerich","actor"
37165,11317,"Natascha McElhone","actor"
37165,11318,"Holland Taylor","actor"
37165,228,"Ed Harris","actor"
37165,13242,"Paul Giamatti","actor"
37165,6579,"Brian Delate","actor"
37165,23119,"Peter Krause","actor"
37165,116898,"Blair Slater","actor"
37165,2690,"Peter Weir","director"
22,85,"Johnny Depp","actor"
22,118,"Geoffrey Rush","actor"
22,114,"Orlando Bloom","actor"
22,116,"Keira Knightley","actor"
22,1709,"Jack Davenport","actor"
22,378,"Jonathan Pryce","actor"
22,1710,"Lee Arenberg","actor"
22,1711,"Mackenzie Crook","actor"
22,1712,"Damian O'Hare","actor"
22,1713,"Giles New","actor"
22,1704,"Gore Verbinski","director"
502356,73457,"Chris Pratt","actor"
502356,1397778,"Anya Taylor-Joy","actor"
502356,95101,"Charlie Day","actor"
502356,70851,"Jack Black","actor"
502356,298410,"Keegan-Michael Key","actor"
502356,19274,"Seth Rogen","actor"
502356,61110,"Fred Armisen","actor"
502356,299743,"Sebastian Maniscalco","actor"
502356,176340,"Charles Martinet","actor"
502356,24362,"Kevin Michael Richardson","actor"
502356,113901,"Michael Jelenic","director"
502356,1719706,"Aaron Horvath","director"
283995,73457,"Chris Pratt","actor"
283995,8691,"Zoe Saldaña","actor"
283995,543530,"Dave Bautista","actor"
283995,12835,"Vin Diesel","actor"
283995,51329,"Bradley Cooper","actor"
283995,6856,"Kurt Russell","actor"
283995,12132,"Michael Rooker","actor"
283995,543261,"Karen Gillan","actor"
283995,139820,"Pom Klementieff","actor"
283995,16483,"Sylvester Stallone","actor"
283995,15218,"James Gunn","director"
324786,37625,"Andrew Garfield","actor"
324786,65731,"Sam Worthington","actor"
324786,4937,"Vince Vaughn","actor"
324786,20374,"Teresa Palmer","actor"
324786,972356,"Luke Bracey","actor"
324786,1331,"Hugo Weaving","actor"
324786,3052,"Rachel Griffiths","actor"
324786,1213279,"Ryan Corr","actor"
324786,12206,"Richard Roxburgh","actor"
324786,61784,"Goran D. Kleut","actor"
324786,2461,"Mel Gibson","director"
545611,1620,"Michelle Yeoh","actor"
545611,1381186,"Stephanie Hsu","actor"
545611,690,"Ke Huy Quan","actor"
545611,20904,"James Hong","actor"
545611,8944,"Jamie Lee Curtis","actor"
545611,1071151,"Tallie Medel","actor"
545611,213001,"Jenny Slate","actor"
545611,232499,"Harry Shum Jr.","actor"
545611,1367122,"Biff Wiff","actor"
545611,1375002,"Sunita Mani","actor"
545611,1317730,"Daniel Scheinert","director"
545611,1383612,"Daniel Kwan","director"
9489,5344,"Meg Ryan","actor"
9489,31,"Tom Hanks","actor"
9489,17141,"Greg Kinnear","actor"
9489,7489,"Parker Posey","actor"
9489,26716,"Heather Burns","actor"
9489,4169,"Dave Chappelle","actor"
9489,28933,"Jean Stapleton","actor"
9489,18324,"Steve Zahn","actor"
9489,12850,"Dabney Coleman","actor"
9489,18649,"John Randolph","actor"
9489,9248,"Nora Ephron","director"
1318447,6885,"Charlize Theron","actor"
1318447,1303037,"Taron Egerton","actor"
1318447,8783,"Eric Bana","actor"
1318447,145245,"Caitlin Stasey","actor"
1318447,2933227,"Bessie Holland","actor"
1318447,1245420,"Zachary Garred","actor"
1318447,1046893,"Matt Whelan","actor"
1318447,1240306,"Rob Carlton","actor"
1318447,126579,"Aaron Pedersen","actor"
1318447,1928966,"Duncan Fellows","actor"
1318447,67813,"Baltasar Kormákur","director"
330457,40462,"Kristen Bell","actor"
330457,19394,"Idina Menzel","actor"
330457,54415,"Josh Gad","actor"
330457,38940,"Evan Rachel Wood","actor"
330457,221611,"Jonathan Groff","actor"
330457,1225953,"Sterling K. Brown","actor"
330457,658,"Alfred Molina","actor"
330457,104853,"Rachel Matthews","actor"
330457,50095,"Jason Ritter","actor"
330457,17495,"Martha Plimpton","actor"
330457,1120694,"Jennifer Lee","director"
330457,15774,"Chris Buck","director"
301528,31,"Tom Hanks","actor"
301528,12898,"Tim Allen","actor"
301528,8873,"Annie Potts","actor"
301528,25147,"Tony Hale","actor"
301528,298410,"Keegan-Michael Key","actor"
301528,1530558,"Madeleine McGraw","actor"
301528,110014,"Christina Hendricks","actor"
301528,291263,"Jordan Peele","actor"
301528,6384,"Keanu Reeves","actor"
301528,209596,"Ally Maki","actor"
301528,84496,"Josh Cooley","director"
1284186,16828,"Chris Evans","actor"
1284186,1397778,"Anya Taylor-Joy","actor"
1284186,1925,"Vincent Cassel","actor"
1284186,3136,"Salma Hayek Pinault","actor"
1284186,6949,"John Malkovich","actor"
1284186,1529997,"Charli xcx","actor"
1284186,1920166,"Yung Lean","actor"
1284186,1429453,"Sam Richardson","actor"
1284186,1303071,"Jade Croot","actor"
1284186,3411764,"Ambika Mod","actor"
1284186,78207,"Romain Gavras","director"
532870,2092879,"Ella Balinska","actor"
532870,90060,"Pilou Asbæk","actor"
532870,9048,"Clark Gregg","actor"
532870,21041,"Shohreh Aghdashloo","actor"
532870,1030512,"Dayo Okeniyi","actor"
532870,1759676,"Sagan Rose","actor"
532870,1235299,"Briana Lane","actor"
532870,2502702,"Kaitlyn Raymond","actor"
532870,2537034,"Sigrid Owen","actor"
532870,1803480,"Jess Gabor","actor"
532870,129718,"Shana Feste","director"
1100988,27428,"Aaron Taylor-Johnson","actor"
1100988,5107934,"Alfie Williams","actor"
1100988,5469,"Ralph Fiennes","actor"
1100988,1388593,"Jodie Comer","actor"
1100988,85065,"Jack O'Connell","actor"
1100988,1344320,"Chi Lewis-Parry","actor"
1100988,997644,"Edvin Ryding","actor"
1100988,6970,"Christopher Fulford","actor"
1100988,134699,"Stella Gonet","actor"
1100988,1585961,"Kim Allan","actor"
1100988,2034,"Danny Boyle","director"
822119,53650,"Anthony Mackie","actor"
822119,3,"Harrison Ford","actor"
822119,1773397,"Danny Ramirez","actor"
822119,1394332,"Shira Haas","actor"
822119,1462,"Tim Blake Nelson","actor"
822119,29382,"Carl Lumbly","actor"
822119,4808,"Giancarlo Esposito","actor"
822119,882,"Liv Tyler","actor"
822119,109565,"Xosha Roquemore","actor"
822119,238164,"Jóhannes Haukur Jóhannesson","actor"
822119,1301933,"Julius Onah","director"
436270,18918,"Dwayne Johnson","actor"
436270,83860,"Aldis Hodge","actor"
436270,1253353,"Noah Centineo","actor"
436270,164945,"Sarah Shahi","actor"
436270,2042690,"Quintessa Swindell","actor"
436270,935235,"Marwan Kenzari","actor"
436270,1293978,"Mo Amer","actor"
436270,2426321,"Bodhi Sabongui","actor"
436270,517,"Pierce Brosnan","actor"
436270,2430192,"James Cusati-Moyer","actor"
436270,59521,"Jaume Collet-Serra","director"
156022,5292,"Denzel Washington","actor"
156022,20982,"Marton Csokas","actor"
156022,56734,"Chloë Grace Moretz","actor"
156022,35029,"David Harbour","actor"
156022,58754,"Haley Bennett","actor"
156022,8984,"Bill Pullman","actor"
156022,6832,"Melissa Leo","actor"
156022,1224149,"David Meunier","actor"
156022,1399659,"Johnny Skourtis","actor"
156022,20563,"Alex Veadov","actor"
156022,20907,"Antoine Fuqua","director"
260514,887,"Owen Wilson","actor"
260514,1374727,"Cristela Alonzo","actor"
260514,2955,"Chris Cooper","actor"
260514,51797,"Nathan Fillion","actor"
260514,15897,"Larry the Cable Guy","actor"
260514,53807,"Armie Hammer","actor"
260514,933948,"Ray Magliozzi","actor"
260514,4252,"Tony Shalhoub","actor"
260514,5149,"Bonnie Hunt","actor"
260514,40063,"Lea DeLaria","actor"
260514,1443386,"Brian Fee","director"
383498,10859,"Ryan Reynolds","actor"
383498,16851,"Josh Brolin","actor"
383498,54882,"Morena Baccarin","actor"
383498,1139349,"Julian Dennison","actor"
383498,1545693,"Zazie Beetz","actor"
383498,51990,"T.J. Miller","actor"
383498,122750,"Leslie Uggams","actor"
383498,1109702,"Karan Soni","actor"
383498,1492326,"Brianna Hildebrand","actor"
383498,1292258,"Jack Kesy","actor"
383498,40684,"David Leitch","director"
284054,172069,"Chadwick Boseman","actor"
284054,135651,"Michael B. Jordan","actor"
284054,1267329,"Lupita Nyong'o","actor"
284054,82104,"Danai Gurira","actor"
284054,7060,"Martin Freeman","actor"
284054,206919,"Daniel Kaluuya","actor"
284054,1083010,"Letitia Wright","actor"
284054,1447932,"Winston Duke","actor"
284054,1225953,"Sterling K. Brown","actor"
284054,9780,"Angela Bassett","actor"
284054,1056121,"Ryan Coogler","director"
9479,531,"Danny Elfman","actor"
9479,14541,"Chris Sarandon","actor"
9479,11514,"Catherine O'Hara","actor"
9479,21282,"William Hickey","actor"
9479,13243,"Glenn Shadix","actor"
9479,5129,"Paul Reubens","actor"
9479,95758,"Ken Page","actor"
9479,1495928,"Edward Ivory","actor"
9479,2011698,"Susan McBride","actor"
9479,1383860,"Debi Durst","actor"
9479,57646,"Henry Selick","director"
346698,234352,"Margot Robbie","actor"
346698,30614,"Ryan Gosling","actor"
346698,59174,"America Ferrera","actor"
346698,1767250,"Ariana Greenblatt","actor"
346698,1455336,"Issa Rae","actor"
346698,1240487,"Kate McKinnon","actor"
346698,1253199,"Alexandra Shipp","actor"
346698,2201315,"Emma Mackey","actor"
346698,1611609,"Hari Nef","actor"
346698,1474028,"Sharon Rooney","actor"
346698,45400,"Greta Gerwig","director"
1339588,2304140,"Spike Fearn","actor"
1339588,1265629,"Angourie Rice","actor"
1339588,3069742,"Cora Kirk","actor"
1339588,1826550,"Jack Riddiford","actor"
1339588,234930,"Isabella Laughland","actor"
1339588,110615,"Prasanna Puwanarajah","actor"
1339588,6613,"Minnie Driver","actor"
1339588,3447627,"Amber Grappy","actor"
1339588,2232023,"Nadia Parkes","actor"
1339588,3935887,"Kat Ronney","actor"
1339588,2243952,"Alicia MacDonald","director"
411,5526,"Georgie Henley","actor"
411,5527,"Skandar Keynes","actor"
411,5528,"William Moseley","actor"
411,5529,"Anna Popplewell","actor"
411,3063,"Tilda Swinton","actor"
411,3896,"Liam Neeson","actor"
411,5530,"James McAvoy","actor"
411,388,"Jim Broadbent","actor"
411,5538,"Ray Winstone","actor"
411,5539,"Dawn French","actor"
411,5524,"Andrew Adamson","director"
350,5064,"Meryl Streep","actor"
350,1813,"Anne Hathaway","actor"
350,5081,"Emily Blunt","actor"
350,2283,"Stanley Tucci","actor"
350,1284159,"Simon Baker","actor"
350,5090,"Adrian Grenier","actor"
350,10580,"Tracie Thoms","actor"
350,10581,"Rich Sommer","actor"
350,10582,"Daniel Sunjata","actor"
350,24535,"David Marshall Grant","actor"
350,5065,"David Frankel","director"
1218925,3651176,"Kikunosuke Toya","actor"
1218925,2004086,"Tomori Kusunoki","actor"
1218925,1452028,"Reina Ueda","actor"
1218925,2812912,"Shogo Sakata","actor"
1218925,1783522,"Karin Takahashi","actor"
1218925,2359492,"Fairouz Ai","actor"
1218925,1256603,"Natsuki Hanae","actor"
1218925,1296667,"Maaya Uchida","actor"
1218925,1252998,"Yuuya Uchida","actor"
1218925,1647448,"Shiori Izawa","actor"
1218925,1286723,"Tatsuya Yoshihara","director"
350,5064,"Meryl Streep","actor"
350,1813,"Anne Hathaway","actor"
350,5081,"Emily Blunt","actor"
350,2283,"Stanley Tucci","actor"
350,1284159,"Simon Baker","actor"
350,5090,"Adrian Grenier","actor"
350,10580,"Tracie Thoms","actor"
350,10581,"Rich Sommer","actor"
350,10582,"Daniel Sunjata","actor"
350,24535,"David Marshall Grant","actor"
350,5065,"David Frankel","director"
1218925,3651176,"Kikunosuke Toya","actor"
1218925,2004086,"Tomori Kusunoki","actor"
1218925,1452028,"Reina Ueda","actor"
1218925,2812912,"Shogo Sakata","actor"
1218925,1783522,"Karin Takahashi","actor"
1218925,2359492,"Fairouz Ai","actor"
1218925,1256603,"Natsuki Hanae","actor"
1218925,1296667,"Maaya Uchida","actor"
1218925,1252998,"Yuuya Uchida","actor"
1218925,1647448,"Shiori Izawa","actor"
1218925,1286723,"Tatsuya Yoshihara","director"
207,2157,"Robin Williams","actor"
207,2692,"Robert Sean Leonard","actor"
207,569,"Ethan Hawke","actor"
207,2694,"Josh Charles","actor"
207,2693,"Gale Hansen","actor"
207,2695,"Dylan Kussman","actor"
207,2696,"Allelon Ruggiero","actor"
207,2697,"James Waterston","actor"
207,2698,"Norman Lloyd","actor"
207,2115,"Kurtwood Smith","actor"
207,2690,"Peter Weir","director"
845781,18918,"Dwayne Johnson","actor"
845781,16828,"Chris Evans","actor"
845781,140,"Lucy Liu","actor"
845781,18999,"J.K. Simmons","actor"
845781,5149,"Bonnie Hunt","actor"
845781,571418,"Kristofer Hivju","actor"
845781,934289,"Kiernan Shipka","actor"
845781,139309,"Mary Elizabeth Ellis","actor"
845781,2947012,"Wesley Kimmel","actor"
845781,208519,"Nick Kroll","actor"
845781,51851,"Jake Kasdan","director"
293660,10859,"Ryan Reynolds","actor"
293660,54882,"Morena Baccarin","actor"
293660,1047649,"Ed Skrein","actor"
293660,51990,"T.J. Miller","actor"
293660,78452,"Gina Carano","actor"
293660,122750,"Leslie Uggams","actor"
293660,1492326,"Brianna Hildebrand","actor"
293660,80507,"Stefan Kapičić","actor"
293660,1109702,"Karan Soni","actor"
293660,215887,"Randal Reeder","actor"
293660,55252,"Tim Miller","director"
1147416,1762588,"Anouck Hautbois","actor"
1147416,1373143,"Marie Nonnenmacher","actor"
1147416,1558832,"Benjamin Bollen","actor"
1147416,5535460,"Clara Soares","actor"
1147416,1762591,"Marie Chevalot","actor"
1147416,1758915,"Antoine Tomé","actor"
1147416,1364266,"Martial Le Minoux","actor"
1147416,1762589,"Thierry Kazazian","actor"
1147416,2889967,"Jessie Lambotte","actor"
1147416,1762592,"Alexandre Nguyen","actor"
1147416,1565301,"Thomas Astruc","director"
424,3896,"Liam Neeson","actor"
424,2282,"Ben Kingsley","actor"
424,5469,"Ralph Fiennes","actor"
424,6692,"Caroline Goodall","actor"
424,6693,"Jonathan Sagall","actor"
424,6368,"Embeth Davidtz","actor"
424,6694,"Małgorzata Gebel","actor"
424,6695,"Shmuel Levy","actor"
424,6696,"Mark Ivanir","actor"
424,6697,"Béatrice Macola","actor"
424,488,"Steven Spielberg","director"
1865,85,"Johnny Depp","actor"
1865,955,"Penélope Cruz","actor"
1865,118,"Geoffrey Rush","actor"
1865,6972,"Ian McShane","actor"
1865,2449,"Kevin McNally","actor"
1865,237455,"Sam Claflin","actor"
1865,469759,"Àstrid Bergès-Frisbey","actor"
1865,1115,"Stephen Graham","actor"
1865,1430,"Keith Richards","actor"
1865,10983,"Richard Griffiths","actor"
1865,17633,"Rob Marshall","director"
16869,287,"Brad Pitt","actor"
16869,19119,"Mélanie Laurent","actor"
16869,27319,"Christoph Waltz","actor"
16869,16847,"Eli Roth","actor"
16869,17288,"Michael Fassbender","actor"
16869,9824,"Diane Kruger","actor"
16869,3872,"Daniel Brühl","actor"
16869,1844,"Til Schweiger","actor"
16869,32823,"Gedeon Burkhard","actor"
16869,51636,"Jacky Ido","actor"
16869,138,"Quentin Tarantino","director"
810,12073,"Mike Myers","actor"
810,776,"Eddie Murphy","actor"
810,6941,"Cameron Diaz","actor"
810,3131,"Antonio Banderas","actor"
810,5823,"Julie Andrews","actor"
810,8930,"John Cleese","actor"
810,4757,"Rupert Everett","actor"
810,10713,"Eric Idle","actor"
810,12111,"Justin Timberlake","actor"
810,89042,"Susanne Blakeslee","actor"
810,12098,"Chris Miller","director"
68721,3223,"Robert Downey Jr.","actor"
68721,12052,"Gwyneth Paltrow","actor"
68721,1896,"Don Cheadle","actor"
68721,529,"Guy Pearce","actor"
68721,15556,"Rebecca Hall","actor"
68721,15277,"Jon Favreau","actor"
68721,2282,"Ben Kingsley","actor"
68721,18473,"James Badge Dale","actor"
68721,121953,"Stephanie Szostak","actor"
68721,6162,"Paul Bettany","actor"
68721,1108,"Shane Black","director"
519182,4495,"Steve Carell","actor"
519182,41091,"Kristen Wiig","actor"
519182,23659,"Will Ferrell","actor"
519182,63522,"Sofía Vergara","actor"
519182,17743,"Miranda Cosgrove","actor"
519182,124750,"Dana Gaier Ellis","actor"
519182,4505121,"Madison Polan","actor"
519182,124747,"Pierre Coffin","actor"
519182,124748,"Chris Renaud","actor"
519182,4581,"Steve Coogan","actor"
519182,124748,"Chris Renaud","director"
769,380,"Robert De Niro","actor"
769,11477,"Ray Liotta","actor"
769,4517,"Joe Pesci","actor"
769,11478,"Lorraine Bracco","actor"
769,7004,"Paul Sorvino","actor"
769,11480,"Frank Sivero","actor"
769,11482,"Tony Darrow","actor"
769,5170,"Mike Starr","actor"
769,7164,"Frank Vincent","actor"
769,11479,"Chuck Low","actor"
769,1032,"Martin Scorsese","director"
87513,64295,"Alan Ritchson","actor"
87513,11107,"Ben Foster","actor"
87513,94185,"Shailene Woodley","actor"
87513,2320708,"Lionel Boyce","actor"
87513,1616920,"Amar Chadha-Patel","actor"
87513,59254,"Pablo Schreiber","actor"
87513,1122102,"Dominic Bogart","actor"
87513,2979211,"Mister Fitzgerald","actor"
87513,1146866,"Rafael Cebrian","actor"
87513,17245,"Ben McKenzie","actor"
87513,1191094,"Potsy Ponciroli","director"
640,6193,"Leonardo DiCaprio","actor"
640,31,"Tom Hanks","actor"
640,4690,"Christopher Walken","actor"
640,8349,"Martin Sheen","actor"
640,136761,"Nathalie Baye","actor"
640,9273,"Amy Adams","actor"
640,9274,"James Brolin","actor"
640,1990,"Brian Howe","actor"
640,9275,"Frank John Hughes","actor"
640,9276,"Steve Eastin","actor"
640,488,"Steven Spielberg","director"
109445,40462,"Kristen Bell","actor"
109445,19394,"Idina Menzel","actor"
109445,221611,"Jonathan Groff","actor"
109445,54415,"Josh Gad","actor"
109445,1188241,"Santino Fontana","actor"
109445,21088,"Alan Tudyk","actor"
109445,8785,"Ciarán Hinds","actor"
109445,70238,"Chris Williams","actor"
109445,16842,"Stephen J. Anderson","actor"
109445,1297610,"Maia Wilson","actor"
109445,15774,"Chris Buck","director"
109445,1120694,"Jennifer Lee","director"
24,139,"Uma Thurman","actor"
24,140,"Lucy Liu","actor"
24,2535,"Vivica A. Fox","actor"
24,589,"Daryl Hannah","actor"
24,141,"David Carradine","actor"
24,147,"Michael Madsen","actor"
24,2539,"Julie Dreyfus","actor"
24,2538,"Chiaki Kuriyama","actor"
24,2537,"Sonny Chiba","actor"
24,240171,"Gordon Liu","actor"
24,138,"Quentin Tarantino","director"
10192,12073,"Mike Myers","actor"
10192,776,"Eddie Murphy","actor"
10192,6941,"Cameron Diaz","actor"
10192,3131,"Antonio Banderas","actor"
10192,118489,"Walt Dohrn","actor"
10192,5823,"Julie Andrews","actor"
10192,8930,"John Cleese","actor"
10192,65717,"Jon Hamm","actor"
10192,43775,"Jane Lynch","actor"
10192,64342,"Craig Robinson","actor"
10192,64151,"Mike Mitchell","director"
921711,261272,"Premji Amaran","actor"
921711,1139770,"Meenakshi Dixit","actor"
921711,565865,"VTV Ganesh","actor"
921711,150684,"S. P. Charan","actor"
921711,237689,"Devadarshini","actor"
921711,1163651,"Arundhathi Nair","actor"
921711,1187400,"Yog Jappie","actor"
921711,1182186,"Vidyullekha Raman","actor"
921711,2244688,"Nanjil Sampath","actor"
921711,503842,"Aadukalam Naren","actor"
921711,1322262,"Barani Jayapal","director"
1198994,53714,"Rachel McAdams","actor"
1198994,527393,"Dylan O'Brien","actor"
1198994,4477127,"Edyll Ismail","actor"
1198994,109438,"Xavier Samuel","actor"
1198994,352,"Dennis Haysbert","actor"
1198994,145248,"Chris Pang","actor"
1198994,1743358,"Thaneth Warakulnukroh","actor"
1198994,1446431,"Emma Raimi","actor"
1198994,1485593,"Kristy Best","actor"
1198994,2300917,"Francesca Waters","actor"
1198994,7623,"Sam Raimi","director"
967941,1765068,"Cynthia Erivo","actor"
967941,226001,"Ariana Grande","actor"
967941,4785,"Jeff Goldblum","actor"
967941,1620,"Michelle Yeoh","actor"
967941,80860,"Jonathan Bailey","actor"
967941,2271410,"Ethan Slater","actor"
967941,3102321,"Marissa Bode","actor"
967941,91671,"Colman Domingo","actor"
967941,1564920,"Bowen Yang","actor"
967941,1587577,"Bronwyn James","actor"
967941,54507,"Jon M. Chu","director"
8966,37917,"Kristen Stewart","actor"
8966,11288,"Robert Pattinson","actor"
8966,21029,"Billy Burke","actor"
8966,56857,"Peter Facinelli","actor"
8966,45827,"Ashley Greene","actor"
8966,84215,"Jackson Rathbone","actor"
8966,59252,"Nikki Reed","actor"
8966,34502,"Kellan Lutz","actor"
8966,53755,"Elizabeth Reaser","actor"
8966,84214,"Taylor Lautner","actor"
8966,19850,"Catherine Hardwicke","director"
1284046,1371297,"Adria Arjona","actor"
1284046,221018,"Dan Stevens","actor"
1284046,132857,"Eric Wareheim","actor"
1284046,7672,"Reginald VelJohnson","actor"
1284046,2712,"Michael Biehn","actor"
1284046,5277239,"Blake Kennedy","actor"
1284046,3300242,"Alex Pereira","actor"
1284046,1939676,"Drew Starkey","actor"
1284046,15556,"Rebecca Hall","actor"
1284046,2256312,"Jacob Scipio","actor"
1284046,98631,"Adam Wingard","director"
497698,1245,"Scarlett Johansson","actor"
497698,1373737,"Florence Pugh","actor"
497698,3293,"Rachel Weisz","actor"
497698,35029,"David Harbour","actor"
497698,5538,"Ray Winstone","actor"
497698,1743933,"Ever Anderson","actor"
497698,2131391,"Violet McGraw","actor"
497698,113970,"O-T Fagbenle","actor"
497698,227,"William Hurt","actor"
497698,18182,"Olga Kurylenko","actor"
497698,93286,"Cate Shortland","director"
762509,1763709,"Aaron Pierre","actor"
762509,1344361,"Kelvin Harrison Jr.","actor"
762509,1074676,"Tiffany Boone","actor"
762509,107529,"Kagiso Lediga","actor"
762509,1251835,"Preston Nyman","actor"
762509,1680929,"Blue Ivy Carter","actor"
762509,51878,"John Kani","actor"
762509,1019,"Mads Mikkelsen","actor"
762509,19274,"Seth Rogen","actor"
762509,973651,"Billy Eichner","actor"
762509,92784,"Barry Jenkins","director"
214756,13240,"Mark Wahlberg","actor"
214756,52139,"Seth MacFarlane","actor"
214756,71070,"Amanda Seyfried","actor"
214756,207150,"Jessica Barth","actor"
214756,1771,"Giovanni Ribisi","actor"
214756,192,"Morgan Freeman","actor"
214756,33321,"Sam J. Jones","actor"
214756,9657,"Patrick Warburton","actor"
214756,2391,"Michael Dorn","actor"
214756,17200,"Bill Smitrovich","actor"
214756,52139,"Seth MacFarlane","director"
38757,16855,"Mandy Moore","actor"
38757,69899,"Zachary Levi","actor"
38757,2517,"Donna Murphy","actor"
38757,2372,"Ron Perlman","actor"
38757,22132,"M.C. Gainey","actor"
38757,4175,"Jeffrey Tambor","actor"
38757,18,"Brad Garrett","actor"
38757,1219029,"Paul F. Tompkins","actor"
38757,10460,"Richard Kiel","actor"
38757,1273208,"Delaney Rose Stein","actor"
38757,76595,"Byron Howard","director"
38757,121830,"Nathan Greno","director"
1724,819,"Edward Norton","actor"
1724,882,"Liv Tyler","actor"
1724,3129,"Tim Roth","actor"
1724,227,"William Hurt","actor"
1724,1462,"Tim Blake Nelson","actor"
1724,15232,"Ty Burrell","actor"
1724,68277,"Christina Cabot","actor"
1724,68278,"Peter Mensah","actor"
1724,19137,"Lou Ferrigno","actor"
1724,1215283,"Paul Soles","actor"
1724,18865,"Louis Leterrier","director"
26850,3896,"Liam Neeson","actor"
26850,1212,"Laura San Giacomo","actor"
26850,26258,"Kenneth Cranham","actor"
26850,70507,"Alphonsia Emmanuel","actor"
26850,80147,"Maggie O'Neill","actor"
26850,132206,"Stephen Moore","actor"
26850,129346,"Malcolm Storry","actor"
26850,26863,"Richard Graham","actor"
26850,129345,"Alan Talbot","actor"
26850,129347,"Martin Grace","actor"
26850,21705,"Simon Moore","director"
72190,287,"Brad Pitt","actor"
72190,175826,"Mireille Enos","actor"
72190,1180907,"Daniella Kertesz","actor"
72190,18473,"James Badge Dale","actor"
72190,119297,"Ludi Boeken","actor"
72190,28657,"Matthew Fox","actor"
72190,2607,"Fana Mokoena","actor"
72190,52,"David Morse","actor"
72190,78050,"Elyes Gabel","actor"
72190,1186840,"Sterling Jerins","actor"
72190,12995,"Marc Forster","director"
11544,1580,"Daveigh Chase","actor"
11544,66193,"Chris Sanders","actor"
11544,13445,"Tia Carrere","actor"
11544,28010,"David Ogden Stiers","actor"
11544,58955,"Kevin McDonald","actor"
11544,10182,"Ving Rhames","actor"
11544,937681,"Zoe Caldwell","actor"
11544,58319,"Jason Scott Lee","actor"
11544,24362,"Kevin Michael Richardson","actor"
11544,76003,"Susan Hegarty","actor"
11544,66193,"Chris Sanders","director"
11544,69797,"Dean DeBlois","director"
1054867,6193,"Leonardo DiCaprio","actor"
1054867,2228,"Sean Penn","actor"
1054867,3914706,"Chase Infiniti","actor"
1054867,1121,"Benicio del Toro","actor"
1054867,35705,"Regina Hall","actor"
1054867,964679,"Teyana Taylor","actor"
1054867,65829,"Wood Harris","actor"
1054867,3417,"Tony Goldwyn","actor"
1054867,87956,"D.W. Moffett","actor"
1054867,239580,"Paul Grimstad","actor"
1054867,4762,"Paul Thomas Anderson","director"
18785,51329,"Bradley Cooper","actor"
18785,27105,"Ed Helms","actor"
18785,58225,"Zach Galifianakis","actor"
18785,21180,"Justin Bartha","actor"
18785,69122,"Heather Graham","actor"
18785,83585,"Sasha Barrese","actor"
18785,4175,"Jeffrey Tambor","actor"
18785,83586,"Ken Jeong","actor"
18785,46074,"Rachael Harris","actor"
18785,80757,"Mike Tyson","actor"
18785,57130,"Todd Phillips","director"
14160,68812,"Ed Asner","actor"
14160,290,"Christopher Plummer","actor"
14160,80676,"Jordan Nagai","actor"
14160,10,"Bob Peterson","actor"
14160,18792,"Delroy Lindo","actor"
14160,7960,"Jerome Ranft","actor"
14160,7907,"John Ratzenberger","actor"
14160,84490,"David Kaye","actor"
14160,84491,"Elie Docter","actor"
14160,84492,"Jeremy Leary","actor"
14160,12890,"Pete Docter","director"
854804,2847867,"Alessandro Padovani","director"
652,287,"Brad Pitt","actor"
652,114,"Orlando Bloom","actor"
652,8783,"Eric Bana","actor"
652,1248,"Brian Cox","actor"
652,48,"Sean Bean","actor"
652,2039,"Brendan Gleeson","actor"
652,9824,"Diane Kruger","actor"
652,11390,"Peter O'Toole","actor"
652,9827,"Rose Byrne","actor"
652,9825,"Saffron Burrows","actor"
652,5231,"Wolfgang Petersen","director"
346364,1274508,"Jaeden Martell","actor"
346364,1559689,"Jeremy Ray Taylor","actor"
346364,1481238,"Sophia Lillis","actor"
346364,1442069,"Finn Wolfhard","actor"
346364,1643043,"Chosen Jacobs","actor"
346364,1774679,"Jack Dylan Grazer","actor"
346364,1148455,"Wyatt Oleff","actor"
346364,137905,"Bill Skarsgård","actor"
346364,1504947,"Nicholas Hamilton","actor"
346364,1131069,"Jake Sim","actor"
346364,1113116,"Andy Muschietti","director"
38365,19292,"Adam Sandler","actor"
38365,32895,"Kevin James","actor"
38365,2632,"Chris Rock","actor"
38365,60950,"David Spade","actor"
38365,60949,"Rob Schneider","actor"
38365,3136,"Salma Hayek Pinault","actor"
38365,49,"Maria Bello","actor"
38365,52792,"Maya Rudolph","actor"
38365,14108,"Joyce Van Patten","actor"
38365,142377,"Ebony Jo-Ann","actor"
38365,17494,"Dennis Dugan","director"
313369,30614,"Ryan Gosling","actor"
313369,54693,"Emma Stone","actor"
313369,113461,"John Legend","actor"
313369,14892,"Rosemarie DeWitt","actor"
313369,168877,"Finn Wittrock","actor"
313369,1486488,"Callie Hernandez","actor"
313369,1457238,"Sonoya Mizuno","actor"
313369,1427680,"Jessica Rothe","actor"
313369,16857,"Tom Everett Scott","actor"
313369,928532,"Josh Pence","actor"
313369,136495,"Damien Chazelle","director"
564,18269,"Brendan Fraser","actor"
564,3293,"Rachel Weisz","actor"
564,10727,"John Hannah","actor"
564,16743,"Arnold Vosloo","actor"
564,18920,"Patricia Velásquez","actor"
564,18041,"Oded Fehr","actor"
564,18916,"Kevin J. O'Connor","actor"
564,8537,"Jonathan Hyde","actor"
564,18917,"Erick Avari","actor"
564,36803,"Stephen Dunham","actor"
564,7775,"Stephen Sommers","director"
61823,32312,"Ugo Tognazzi","actor"
61823,6014,"Annie Girardot","actor"
61823,234414,"Achille Majeroni","actor"
61823,995602,"Filippo Pompa Marcelli","actor"
61823,556456,"Ermelinda De Felice","actor"
61823,995603,"Elvira Paolini","actor"
61823,995604,"Ugo Rossi","actor"
61823,995605,"Eva Belami","actor"
61823,34264,"Marco Ferreri","actor"
61823,4873493,"Regina Elena Bisio","actor"
61823,34264,"Marco Ferreri","director"
546554,8784,"Daniel Craig","actor"
546554,16828,"Chris Evans","actor"
546554,224513,"Ana de Armas","actor"
546554,8944,"Jamie Lee Curtis","actor"
546554,335,"Michael Shannon","actor"
546554,25129,"Don Johnson","actor"
546554,3051,"Toni Collette","actor"
546554,1200864,"LaKeith Stanfield","actor"
546554,290,"Christopher Plummer","actor"
546554,1636738,"Katherine Langford","actor"
546554,67367,"Rian Johnson","director"
269149,417,"Ginnifer Goodwin","actor"
269149,23532,"Jason Bateman","actor"
269149,17605,"Idris Elba","actor"
269149,213001,"Jenny Slate","actor"
269149,41565,"Nate Torrence","actor"
269149,5149,"Bonnie Hunt","actor"
269149,27530,"Don Lake","actor"
269149,63208,"Tommy Chong","actor"
269149,18999,"J.K. Simmons","actor"
269149,6944,"Octavia Spencer","actor"
269149,76595,"Byron Howard","director"
269149,165787,"Rich Moore","director"
18,62,"Bruce Willis","actor"
18,63,"Milla Jovovich","actor"
18,64,"Gary Oldman","actor"
18,65,"Ian Holm","actor"
18,66,"Chris Tucker","actor"
18,8395,"Luke Perry","actor"
18,591,"Brion James","actor"
18,8396,"Tommy Lister Jr.","actor"
18,7400,"Lee Evans","actor"
18,8397,"Charlie Creed-Miles","actor"
18,59,"Luc Besson","director"
1422,6193,"Leonardo DiCaprio","actor"
1422,1892,"Matt Damon","actor"
1422,514,"Jack Nicholson","actor"
1422,13240,"Mark Wahlberg","actor"
1422,8349,"Martin Sheen","actor"
1422,5538,"Ray Winstone","actor"
1422,21657,"Vera Farmiga","actor"
1422,18471,"Anthony Anderson","actor"
1422,7447,"Alec Baldwin","actor"
1422,18472,"Kevin Corrigan","actor"
1422,1032,"Martin Scorsese","director"
1284041,1260481,"Greta Lee","actor"
1284041,52583,"Wagner Moura","actor"
1284041,4434705,"Riley Chung","actor"
1284041,3294227,"Noah Alexander Sosnowski","actor"
1284041,2482368,"Emma Ho","actor"
1284041,3878582,"Gabriel Barbosa","actor"
1284041,144279,"Arden Cho","actor"
1284041,6395909,"Audrey Anderson","actor"
1284041,5081871,"Sid Edwards","actor"
1284041,3595024,"Eveline Reynolds-Boison","actor"
1284041,18865,"Louis Leterrier","director"
384018,18918,"Dwayne Johnson","actor"
384018,976,"Jason Statham","actor"
384018,17605,"Idris Elba","actor"
384018,556356,"Vanessa Kirby","actor"
384018,15735,"Helen Mirren","actor"
384018,1222992,"Eiza González","actor"
384018,1665,"Eddie Marsan","actor"
384018,2376517,"Eliana Su'a","actor"
384018,7248,"Cliff Curtis","actor"
384018,1922821,"Lori Pelenise Tuisano","actor"
384018,40684,"David Leitch","director"
857,31,"Tom Hanks","actor"
857,3197,"Tom Sizemore","actor"
857,12833,"Edward Burns","actor"
857,12834,"Barry Pepper","actor"
857,6163,"Adam Goldberg","actor"
857,12835,"Vin Diesel","actor"
857,1771,"Giovanni Ribisi","actor"
857,4654,"Jeremy Davies","actor"
857,1892,"Matt Damon","actor"
857,12836,"Ted Danson","actor"
857,488,"Steven Spielberg","director"
1413976,53807,"Armie Hammer","actor"
1413976,36055,"Costas Mandylor","actor"
1413976,1093213,"Désirée Giorgetti","actor"
1413976,96173,"Steffen Mennekes","actor"
1413976,1992209,"Neb Chupin","actor"
1413976,5448535,"Mukit Abdul Hamid","actor"
1413976,3801571,"Fares Mongi","actor"
1413976,2154805,"Hila Harush","actor"
1413976,4014585,"Helen Al-Janabi","actor"
1413976,2376474,"Dora Dimić Rakar","actor"
1413976,23799,"Uwe Boll","director"
425274,44735,"Jesse Eisenberg","actor"
425274,3918497,"Dominic Sessa","actor"
425274,1767250,"Ariana Greenblatt","actor"
425274,1029934,"Justice Smith","actor"
425274,10882,"Rosamund Pike","actor"
425274,57755,"Woody Harrelson","actor"
425274,54697,"Dave Franco","actor"
425274,52848,"Isla Fisher","actor"
425274,51988,"Lizzy Caplan","actor"
425274,192,"Morgan Freeman","actor"
425274,91268,"Ruben Fleischer","director"
10625,49265,"Lindsay Lohan","actor"
10625,53714,"Rachel McAdams","actor"
10625,51988,"Lizzy Caplan","actor"
10625,22082,"Lacey Chabert","actor"
10625,71070,"Amanda Seyfried","actor"
10625,32598,"Daniel Franzese","actor"
10625,76996,"Jonathan Bennett","actor"
10625,1213130,"Rajiv Surendra","actor"
10625,56323,"Tina Fey","actor"
10625,51857,"Tim Meadows","actor"
10625,54050,"Mark Waters","director"
87101,1100,"Arnold Schwarzenegger","actor"
87101,76512,"Jason Clarke","actor"
87101,1223786,"Emilia Clarke","actor"
87101,224181,"Jai Courtney","actor"
87101,18999,"J.K. Simmons","actor"
87101,1030512,"Dayo Okeniyi","actor"
87101,136532,"Matt Smith","actor"
87101,24047,"Courtney B. Vance","actor"
87101,25002,"Lee Byung-hun","actor"
87101,55596,"Michael Gladis","actor"
87101,47005,"Alan Taylor","director"
679,10205,"Sigourney Weaver","actor"
679,10206,"Carrie Henn","actor"
679,2712,"Michael Biehn","actor"
679,781,"Paul Reiser","actor"
679,2714,"Lance Henriksen","actor"
679,2053,"Bill Paxton","actor"
679,10207,"William Hope","actor"
679,3981,"Jenette Goldstein","actor"
679,10208,"Al Matthews","actor"
679,6576,"Mark Rolston","actor"
679,2710,"James Cameron","director"
694,514,"Jack Nicholson","actor"
694,10409,"Shelley Duvall","actor"
694,10410,"Danny Lloyd","actor"
694,7077,"Scatman Crothers","actor"
694,10411,"Barry Nelson","actor"
694,694,"Philip Stone","actor"
694,592,"Joe Turkel","actor"
694,10412,"Anne Jackson","actor"
694,16504,"Tony Burton","actor"
694,1413939,"Lia Beldam","actor"
694,240,"Stanley Kubrick","director"
284052,71580,"Benedict Cumberbatch","actor"
284052,5294,"Chiwetel Ejiofor","actor"
284052,53714,"Rachel McAdams","actor"
284052,30082,"Benedict Wong","actor"
284052,1019,"Mads Mikkelsen","actor"
284052,3063,"Tilda Swinton","actor"
284052,72873,"Michael Stuhlbarg","actor"
284052,4589,"Benjamin Bratt","actor"
284052,78110,"Scott Adkins","actor"
284052,1070721,"Zara Phythian","actor"
284052,55499,"Scott Derrickson","director"
447273,2217977,"Rachel Zegler","actor"
447273,90633,"Gal Gadot","actor"
447273,1869968,"Andrew Burnap","actor"
447273,2914688,"Andrew Barth Feldman","actor"
447273,3555,"Jeremy Swift","actor"
447273,4030,"Martin Klebba","actor"
447273,19978,"Jason Kravits","actor"
447273,1931568,"George Salazar","actor"
447273,1394997,"Tituss Burgess","actor"
447273,1653354,"Andy Grotelueschen","actor"
447273,87742,"Marc Webb","director"
541671,224513,"Ana de Armas","actor"
541671,6384,"Keanu Reeves","actor"
541671,6972,"Ian McShane","actor"
541671,5657,"Anjelica Huston","actor"
541671,5168,"Gabriel Byrne","actor"
541671,5887,"Catalina Sandino Moreno","actor"
541671,4872540,"Ava McCarthy","actor"
541671,2052200,"Juliet Doherty","actor"
541671,4886,"Norman Reedus","actor"
541671,129101,"Lance Reddick","actor"
541671,3950,"Len Wiseman","director"
127585,6968,"Hugh Jackman","actor"
127585,5530,"James McAvoy","actor"
127585,17288,"Michael Fassbender","actor"
127585,2387,"Patrick Stewart","actor"
127585,1327,"Ian McKellen","actor"
127585,72129,"Jennifer Lawrence","actor"
127585,4587,"Halle Berry","actor"
127585,3292,"Nicholas Hoult","actor"
127585,10690,"Anna Paquin","actor"
127585,27578,"Elliot Page","actor"
127585,9032,"Bryan Singer","director"
1124,6968,"Hugh Jackman","actor"
1124,3894,"Christian Bale","actor"
1124,3895,"Michael Caine","actor"
1124,15555,"Piper Perabo","actor"
1124,15556,"Rebecca Hall","actor"
1124,1245,"Scarlett Johansson","actor"
1124,1580598,"Samantha Mahurin","actor"
1124,7487,"David Bowie","actor"
1124,1333,"Andy Serkis","actor"
1124,177765,"Daniel Davis","actor"
1124,525,"Christopher Nolan","director"
822653,936275,"Aoi Yuuki","actor"
822653,81245,"Chiwa Saito","actor"
822653,1239110,"Kaori Mizuhashi","actor"
822653,225999,"Eri Kitamura","actor"
822653,220714,"Ai Nonaka","actor"
822653,227879,"Kana Asumi","actor"
822653,1157126,"Emiri Kato","actor"
822653,2363904,"Shion Wakayama","actor"
822653,1309253,"Tomoyo Kurosawa","actor"
822653,9711,"Maaya Sakamoto","actor"
822653,1252958,"Yukihiro Miyamoto","director"
822653,555094,"Akiyuki Shinbo","director"
558449,2326151,"Paul Mescal","actor"
558449,5292,"Denzel Washington","actor"
558449,1253360,"Pedro Pascal","actor"
558449,935,"Connie Nielsen","actor"
558449,1597365,"Joseph Quinn","actor"
558449,2099497,"Fred Hechinger","actor"
558449,1259880,"Lior Raz","actor"
558449,937,"Derek Jacobi","actor"
558449,68278,"Peter Mensah","actor"
558449,26209,"Matt Lucas","actor"
558449,578,"Ridley Scott","director"
604,6384,"Keanu Reeves","actor"
604,2975,"Laurence Fishburne","actor"
604,530,"Carrie-Anne Moss","actor"
604,1331,"Hugo Weaving","actor"
604,9575,"Jada Pinkett Smith","actor"
604,9364,"Gloria Foster","actor"
604,6195,"Harold Perrineau","actor"
604,28782,"Monica Bellucci","actor"
604,9464,"Harry Lennix","actor"
604,2192,"Lambert Wilson","actor"
604,9340,"Lana Wachowski","director"
604,9339,"Lilly Wachowski","director"
181808,2,"Mark Hamill","actor"
181808,4,"Carrie Fisher","actor"
181808,1023139,"Adam Driver","actor"
181808,1315036,"Daisy Ridley","actor"
181808,236695,"John Boyega","actor"
181808,25072,"Oscar Isaac","actor"
181808,1333,"Andy Serkis","actor"
181808,1267329,"Lupita Nyong'o","actor"
181808,93210,"Domhnall Gleeson","actor"
181808,6,"Anthony Daniels","actor"
181808,67367,"Rian Johnson","director"
419430,206919,"Daniel Kaluuya","actor"
419430,1255540,"Allison Williams","actor"
419430,2229,"Catherine Keener","actor"
419430,11367,"Bradley Whitford","actor"
419430,572541,"Caleb Landry Jones","actor"
419430,1291961,"Marcus Henderson","actor"
419430,1660452,"Betty Gabriel","actor"
419430,1200864,"LaKeith Stanfield","actor"
419430,17401,"Stephen Root","actor"
419430,1488961,"Lil Rel Howery","actor"
419430,291263,"Jordan Peele","director"
1340206,3477880,"Leo Woodall","actor"
1340206,4483,"Dustin Hoffman","actor"
1340206,2378813,"Havana Rose Liu","actor"
1340206,1259880,"Lior Raz","actor"
1340206,41640,"Tovah Feldshuh","actor"
1340206,1003,"Jean Reno","actor"
1340206,5137293,"Nissan Sakira","actor"
1340206,1715727,"Gil Cohen","actor"
1340206,88929,"Jean Yoon","actor"
1340206,1074677,"Jonnie Park","actor"
1340206,1932822,"Daniel Roher","director"
49521,73968,"Henry Cavill","actor"
49521,9273,"Amy Adams","actor"
49521,335,"Michael Shannon","actor"
49521,2882,"Diane Lane","actor"
49521,934,"Russell Crowe","actor"
49521,43202,"Antje Traue","actor"
49521,9464,"Harry Lennix","actor"
49521,31028,"Richard Schiff","actor"
49521,22227,"Christopher Meloni","actor"
49521,1269,"Kevin Costner","actor"
49521,15217,"Zack Snyder","director"
429,190,"Clint Eastwood","actor"
429,3265,"Eli Wallach","actor"
429,4078,"Lee Van Cleef","actor"
429,5813,"Aldo Giuffrè","actor"
429,5814,"Luigi Pistilli","actor"
429,5815,"Rada Rassimov","actor"
429,1077276,"Enzo Petito","actor"
429,1077277,"Claudio Scarchilli","actor"
429,5818,"Antonio Casale","actor"
429,5817,"Livio Lorenzon","actor"
429,4385,"Sergio Leone","director"
372058,225730,"Ryunosuke Kamiki","actor"
372058,1369100,"Mone Kamishiraishi","actor"
372058,1668610,"Ryo Narita","actor"
372058,936275,"Aoi Yuuki","actor"
372058,1210634,"Nobunaga Shimazaki","actor"
372058,1324666,"Kaito Ishikawa","actor"
372058,1344919,"Kanon Tani","actor"
372058,219659,"Masaki Terasoma","actor"
372058,148447,"Sayaka Ohara","actor"
372058,89968,"Kazuhiko Inoue","actor"
372058,74091,"Makoto Shinkai","director"
10195,74568,"Chris Hemsworth","actor"
10195,524,"Natalie Portman","actor"
10195,91606,"Tom Hiddleston","actor"
10195,4173,"Anthony Hopkins","actor"
10195,1640,"Stellan Skarsgård","actor"
10195,52852,"Kat Dennings","actor"
10195,9048,"Clark Gregg","actor"
10195,10132,"Colm Feore","actor"
10195,17605,"Idris Elba","actor"
10195,56614,"Ray Stevenson","actor"
10195,11181,"Kenneth Branagh","director"
926393,5292,"Denzel Washington","actor"
926393,501,"Dakota Fanning","actor"
926393,1147420,"Eugenio Mastrandrea","actor"
926393,62562,"David Denman","actor"
926393,1636737,"Gaia Scodellaro","actor"
926393,41527,"Remo Girone","actor"
926393,1917499,"Andrea Scarduzio","actor"
926393,3462470,"Andrea Dodero","actor"
926393,1469908,"Daniele Perrone","actor"
926393,4252462,"Zakaria Hamza","actor"
926393,20907,"Antoine Fuqua","director"
57158,1327,"Ian McKellen","actor"
57158,7060,"Martin Freeman","actor"
57158,30315,"Richard Armitage","actor"
57158,71580,"Benedict Cumberbatch","actor"
57158,114,"Orlando Bloom","actor"
57158,19034,"Evangeline Lilly","actor"
57158,72095,"Lee Pace","actor"
57158,114019,"Luke Evans","actor"
57158,11275,"Stephen Fry","actor"
57158,25136,"Ken Stott","actor"
57158,108,"Peter Jackson","director"
616037,74568,"Chris Hemsworth","actor"
616037,524,"Natalie Portman","actor"
616037,3894,"Christian Bale","actor"
616037,62561,"Tessa Thompson","actor"
616037,55934,"Taika Waititi","actor"
616037,934,"Russell Crowe","actor"
616037,59817,"Jaimie Alexander","actor"
616037,17605,"Idris Elba","actor"
616037,73457,"Chris Pratt","actor"
616037,543530,"Dave Bautista","actor"
616037,55934,"Taika Waititi","director"
1266127,1372369,"Samara Weaving","actor"
1266127,221192,"Kathryn Newton","actor"
1266127,11863,"Sarah Michelle Gellar","actor"
1266127,52647,"Shawn Hatosy","actor"
1266127,21316,"Nestor Carbonell","actor"
1266127,224,"David Cronenberg","actor"
1266127,109,"Elijah Wood","actor"
1266127,79072,"Kevin Durand","actor"
1266127,86764,"Olivia Cheng","actor"
1266127,1741000,"Varun Saranga","actor"
1266127,66681,"Matt Bettinelli-Olpin","director"
1266127,1039527,"Tyler Gillett","director"
792307,54693,"Emma Stone","actor"
792307,103,"Mark Ruffalo","actor"
792307,5293,"Willem Dafoe","actor"
792307,1382987,"Ramy Youssef","actor"
792307,984629,"Christopher Abbott","actor"
792307,2331794,"Suzy Bemba","actor"
792307,1400880,"Jerrod Carmichael","actor"
792307,72309,"Kathryn Hunter","actor"
792307,1248292,"Vicki Pepperdine","actor"
792307,3734,"Hanna Schygulla","actor"
792307,122423,"Yorgos Lanthimos","director"
945961,1683343,"Cailee Spaeny","actor"
945961,2761308,"David Jonsson","actor"
945961,2164506,"Archie Renaux","actor"
945961,1428070,"Isabela Merced","actor"
945961,2304140,"Spike Fearn","actor"
945961,3948018,"Aileen Wu","actor"
945961,1737976,"Rosie Ede","actor"
945961,4848544,"Soma Simon","actor"
945961,4848546,"Bence Okeke","actor"
945961,4848547,"Viktor Orizu","actor"
945961,932248,"Fede Álvarez","director"
1297311,9777,"Cuba Gooding Jr.","actor"
1297311,4743047,"Mike Ayiotis","actor"
1297311,6280167,"Storm Watters","actor"
1297311,5222671,"Andrew Helbig","actor"
1297311,3297583,"Richie Ammons","actor"
1297311,6280168,"Art Brown","actor"
1297311,4516791,"Tyler Gotch","actor"
1297311,6280267,"Michael Hajintonis","actor"
1297311,6280269,"Steven Rathbone","actor"
1297311,4743047,"Mike Ayiotis","actor"
1297311,5762102,"Jesse Baget","director"
370172,8784,"Daniel Craig","actor"
370172,121529,"Léa Seydoux","actor"
370172,17838,"Rami Malek","actor"
370172,1360281,"Lashana Lynch","actor"
370172,5469,"Ralph Fiennes","actor"
370172,17064,"Ben Whishaw","actor"
370172,2038,"Naomie Harris","actor"
370172,139549,"Rory Kinnear","actor"
370172,2954,"Jeffrey Wright","actor"
370172,141034,"Billy Magnussen","actor"
370172,87257,"Cary Joji Fukunaga","director"
49051,7060,"Martin Freeman","actor"
49051,1327,"Ian McKellen","actor"
49051,30315,"Richard Armitage","actor"
49051,34715,"James Nesbitt","actor"
49051,25136,"Ken Stott","actor"
49051,80112,"Sylvester McCoy","actor"
49051,22,"Barry Humphries","actor"
49051,152566,"Dean O'Gorman","actor"
49051,207558,"Aidan Turner","actor"
49051,95047,"Graham McTavish","actor"
49051,108,"Peter Jackson","director"
10331,97913,"Judith O'Dea","actor"
10331,97912,"Duane Jones","actor"
10331,97915,"Marilyn Eastman","actor"
10331,97914,"Karl Hardman","actor"
10331,97917,"Judith Ridley","actor"
10331,97916,"Keith Wayne","actor"
10331,97918,"Kyra Schon","actor"
10331,97919,"Charles Craig","actor"
10331,97920,"S. William Hinzman","actor"
10331,97921,"Bill Cardille","actor"
10331,14999,"George A. Romero","director"
687259,4565989,"Jiang Ling-Ling","actor"
687259,4203790,"Ai Ting","actor"
687259,4203789,"Chu Hui-Te","actor"
687259,4481090,"Kao Wen-Song","actor"
687259,4565991,"Chia-bao Lan","actor"
687259,3183530,"Hsin Yen","director"
12153,35690,"Shawn Wayans","actor"
12153,9562,"Marlon Wayans","actor"
12153,13936,"Frankie Faison","actor"
12153,53256,"Terry Crews","actor"
12153,58953,"Faune Chambers Watkins","actor"
12153,80760,"Rochelle Aytes","actor"
12153,11512,"John Heard","actor"
12153,58058,"Lochlyn Munro","actor"
12153,60928,"Busy Philipps","actor"
12153,53828,"Jennifer Carpenter","actor"
12153,35689,"Keenen Ivory Wayans","director"
299537,60073,"Brie Larson","actor"
299537,2231,"Samuel L. Jackson","actor"
299537,77335,"Ben Mendelsohn","actor"
299537,9642,"Jude Law","actor"
299537,516,"Annette Bening","actor"
299537,938,"Djimon Hounsou","actor"
299537,72095,"Lee Pace","actor"
299537,1360281,"Lashana Lynch","actor"
299537,97576,"Gemma Chan","actor"
299537,9048,"Clark Gregg","actor"
299537,53068,"Ryan Fleck","director"
299537,53069,"Anna Boden","director"
1514863,2602879,"Maitreyi Ramakrishnan","actor"
1514863,5065456,"Priyanka Kedia","actor"
1514863,2223751,"Chaneil Kular","actor"
1514863,2707475,"Ankur Rathee","actor"
1514863,552252,"Hasan Minhaj","actor"
1514863,3221816,"Shreya Navile","actor"
1514863,5650364,"Becky Alex","actor"
1514863,4224830,"Nihar Duvvuri","actor"
1514863,1720948,"Nico Greetham","actor"
1514863,5391942,"Amryn Khurana","actor"
1514863,1457228,"Lena Khan","director"
823464,15556,"Rebecca Hall","actor"
823464,226366,"Brian Tyree Henry","actor"
823464,221018,"Dan Stevens","actor"
823464,2948491,"Kaylee Hottle","actor"
823464,60416,"Alex Ferns","actor"
823464,123701,"Fala Chen","actor"
823464,15298,"Rachel House","actor"
823464,2896645,"Ron Smyck","actor"
823464,1984017,"Chantelle Jamieson","actor"
823464,2096500,"Greg Hatton","actor"
823464,98631,"Adam Wingard","director"
1516724,113617,"Alexandra Lamy","actor"
1516724,33161,"François Cluzet","actor"
1516724,2924621,"Mitty Hazanavicius","actor"
1516724,1146844,"Delphine Baril","actor"
1516724,76858,"François-Xavier Demaison","actor"
1516724,583687,"Reem Kherici","actor"
1516724,1321014,"Kyan Khojandi","actor"
1516724,5763747,"Camille Aumont Carnel","actor"
1516724,544669,"François Bureloup","actor"
1516724,2933660,"Huguette Lacheau","actor"
1516724,583687,"Reem Kherici","director"
1564614,3047804,"Joe Bird","actor"
1564614,3291945,"Stacy Clausen","actor"
1564614,76070,"Mia Wasikowska","actor"
1564614,81172,"Nicholas Hope","actor"
1564614,3908892,"Tyallah Bullock","actor"
1564614,59119,"Ewen Leslie","actor"
1564614,3043647,"Jeremy Blewitt","actor"
1564614,2532124,"Davida McKenzie","actor"
1564614,1893675,"Shannon Berry","actor"
1564614,2215355,"Julia Grace","actor"
1564614,1761324,"Adrian Chiarella","director"
507086,73457,"Chris Pratt","actor"
507086,18997,"Bryce Dallas Howard","actor"
507086,4784,"Laura Dern","actor"
507086,4783,"Sam Neill","actor"
507086,4785,"Jeff Goldblum","actor"
507086,206425,"DeWanda Wise","actor"
507086,1639848,"Mamoudou Athie","actor"
507086,2058708,"Isabella Sermon","actor"
507086,55152,"Campbell Scott","actor"
507086,14592,"BD Wong","actor"
507086,930707,"Colin Trevorrow","director"
111,1158,"Al Pacino","actor"
111,1159,"Steven Bauer","actor"
111,1160,"Michelle Pfeiffer","actor"
111,1161,"Mary Elizabeth Mastrantonio","actor"
111,1162,"Robert Loggia","actor"
111,1163,"Miriam Colon","actor"
111,1164,"F. Murray Abraham","actor"
111,1165,"Paul Shenar","actor"
111,1166,"Harris Yulin","actor"
111,1167,"Ángel Salazar","actor"
111,1150,"Brian De Palma","director"
447332,5081,"Emily Blunt","actor"
447332,17697,"John Krasinski","actor"
447332,1815539,"Millicent Simmonds","actor"
447332,1590759,"Noah Jupe","actor"
447332,1924769,"Cade Woodward","actor"
447332,169920,"Leon Russom","actor"
447332,1496368,"Rhoda Pell","actor"
447332,17697,"John Krasinski","director"
1613798,1134885,"Omar Chaparro","actor"
1613798,1889622,"Alejandro Speitzer","actor"
1613798,544442,"Paola Nuñez","actor"
1613798,3514938,"Natalia Solián","actor"
1613798,1309460,"Luis Alberti","actor"
1613798,42009,"Iazua Larios","actor"
1613798,3247772,"Lizeth Selene","actor"
1613798,18468,"Gustavo Sánchez Parra","actor"
1613798,2423293,"Vasil Simeonov","actor"
1613798,3895930,"Manuel Cruz Vivas","actor"
1613798,5945781,"Rodrigo Valdes","director"
454626,222121,"Ben Schwartz","actor"
454626,11006,"James Marsden","actor"
454626,110742,"Tika Sumpter","actor"
454626,206,"Jim Carrey","actor"
454626,1546282,"Natasha Rothwell","actor"
454626,115974,"Adam Pally","actor"
454626,2203,"Neal McDonough","actor"
454626,208677,"Lee Majdoub","actor"
454626,85922,"Tom Butler","actor"
454626,61167,"Frank C. Turner","actor"
454626,93364,"Jeff Fowler","director"
1011985,70851,"Jack Black","actor"
1011985,1625558,"Awkwafina","actor"
1011985,19492,"Viola Davis","actor"
1011985,4483,"Dustin Hoffman","actor"
1011985,17419,"Bryan Cranston","actor"
1011985,20904,"James Hong","actor"
1011985,6972,"Ian McShane","actor"
1011985,690,"Ke Huy Quan","actor"
1011985,1319469,"Ronny Chieng","actor"
1011985,171743,"Lori Tan Chinn","actor"
1011985,64151,"Mike Mitchell","director"
696506,11288,"Robert Pattinson","actor"
696506,1537686,"Naomi Ackie","actor"
696506,215055,"Steven Yeun","actor"
696506,103,"Mark Ruffalo","actor"
696506,3051,"Toni Collette","actor"
696506,1021689,"Anamaria Vartolomei","actor"
696506,213202,"Daniel Henshall","actor"
696506,1600085,"Patsy Ferran","actor"
696506,4025,"Steve Park","actor"
696506,1016119,"Tim Key","actor"
696506,21684,"Bong Joon Ho","director"
718930,287,"Brad Pitt","actor"
718930,125025,"Joey King","actor"
718930,27428,"Aaron Taylor-Johnson","actor"
718930,226366,"Brian Tyree Henry","actor"
718930,1658375,"Andrew Koji","actor"
718930,9195,"Hiroyuki Sanada","actor"
718930,335,"Michael Shannon","actor"
718930,18277,"Sandra Bullock","actor"
718930,2550161,"Bad Bunny","actor"
718930,33235,"Logan Lerman","actor"
718930,40684,"David Leitch","director"
68726,56365,"Charlie Hunnam","actor"
68726,18054,"Rinko Kikuchi","actor"
68726,17605,"Idris Elba","actor"
68726,94864,"Max Martini","actor"
68726,5365,"Clifton Collins Jr.","actor"
68726,2372,"Ron Perlman","actor"
68726,95101,"Charlie Day","actor"
68726,39659,"Burn Gorman","actor"
68726,1038379,"Robert Kazinsky","actor"
68726,112692,"Robert Maillet","actor"
68726,10828,"Guillermo del Toro","director"
85,3,"Harrison Ford","actor"
85,650,"Karen Allen","actor"
85,652,"Paul Freeman","actor"
85,655,"John Rhys-Davies","actor"
85,653,"Ronald Lacey","actor"
85,659,"Wolf Kahler","actor"
85,660,"Anthony Higgins","actor"
85,656,"Denholm Elliott","actor"
85,658,"Alfred Molina","actor"
85,661,"Vic Tablian","actor"
85,488,"Steven Spielberg","director"
629542,6807,"Sam Rockwell","actor"
629542,1231717,"Marc Maron","actor"
629542,1625558,"Awkwafina","actor"
629542,64342,"Craig Robinson","actor"
629542,1560244,"Anthony Ramos","actor"
629542,98103,"Richard Ayoade","actor"
629542,1545693,"Zazie Beetz","actor"
629542,24357,"Alex Borstein","actor"
629542,1576058,"Lilly Singh","actor"
629542,85294,"Barbara Goodson","actor"
629542,1261455,"Pierre Perifel","director"
9502,70851,"Jack Black","actor"
9502,4483,"Dustin Hoffman","actor"
9502,11701,"Angelina Jolie","actor"
9502,6972,"Ian McShane","actor"
9502,19274,"Seth Rogen","actor"
9502,140,"Lucy Liu","actor"
9502,212,"David Cross","actor"
9502,9462,"Randall Duk Kim","actor"
9502,20904,"James Hong","actor"
9502,58873,"Dan Fogler","actor"
9502,57741,"Mark Osborne","director"
9502,57742,"John Stevenson","director"
615656,976,"Jason Statham","actor"
615656,78871,"Wu Jing","actor"
615656,1704579,"Shuya Sophia Cai","actor"
615656,177214,"Page Kennedy","actor"
615656,78994,"Sergio Peris-Mencheta","actor"
615656,7055,"Sienna Guillory","actor"
615656,7248,"Cliff Curtis","actor"
615656,110930,"Skyler Samuels","actor"
615656,1977759,"Melissanthi Mahut","actor"
615656,1503556,"Whoopie van Raam","actor"
615656,137467,"Ben Wheatley","director"
1279493,934,"Russell Crowe","actor"
1279493,114019,"Luke Evans","actor"
1279493,20374,"Teresa Palmer","actor"
1279493,1172147,"Daniel Zovatto","actor"
1279493,1281967,"Josh McConville","actor"
1279493,1275904,"Benedict Hardie","actor"
1279493,19961,"Nina Dobrev","actor"
1279493,84497,"Aaron Paul","actor"
1279493,4898226,"Kartiah Vergara","actor"
1279493,5613768,"Steffi Gil","actor"
1279493,126910,"Derrick Borte","director"
566525,1489211,"Simu Liu","actor"
566525,1337,"Tony Leung Chiu-wai","actor"
566525,1625558,"Awkwafina","actor"
566525,2282,"Ben Kingsley","actor"
566525,2979464,"Zhang Meng'er","actor"
566525,123701,"Fala Chen","actor"
566525,1620,"Michelle Yeoh","actor"
566525,57609,"Yuen Wah","actor"
566525,1998541,"Florian Munteanu","actor"
566525,1068877,"Andy Le","actor"
566525,1144604,"Destin Daniel Cretton","director"
77338,33161,"François Cluzet","actor"
77338,78423,"Omar Sy","actor"
77338,19370,"Anne Le Ny","actor"
77338,219708,"Audrey Fleurot","actor"
77338,84430,"Joséphine de Meaux","actor"
77338,2411,"Clotilde Mollet","actor"
77338,26107,"Alba Gaïa Bellugi","actor"
77338,581728,"Cyril Mendy","actor"
77338,1411815,"Salimata Kamate","actor"
77338,1411817,"Absa Diatou Toure","actor"
77338,84425,"Éric Toledano","director"
77338,84426,"Olivier Nakache","director"
7518,62,"Bruce Willis","actor"
7518,52865,"Garry Shandling","actor"
7518,4495,"Steve Carell","actor"
7518,27102,"Wanda Sykes","actor"
7518,1748,"William Shatner","actor"
7518,1733,"Nick Nolte","actor"
7518,19159,"Thomas Haden Church","actor"
7518,19,"Allison Janney","actor"
7518,26510,"Eugene Levy","actor"
7518,11514,"Catherine O'Hara","actor"
7518,52845,"Karey Kirkpatrick","director"
7518,52870,"Tim Johnson","director"
345,500,"Tom Cruise","actor"
345,2227,"Nicole Kidman","actor"
345,2226,"Sydney Pollack","actor"
345,5024,"Marie Richardson","actor"
345,1118,"Rade Šerbedžija","actor"
345,5010,"Todd Field","actor"
345,5025,"Vinessa Shaw","actor"
345,10697,"Alan Cumming","actor"
345,5012,"Sky du Mont","actor"
345,65409,"Fay Masterson","actor"
345,240,"Stanley Kubrick","director"
667538,1560244,"Anthony Ramos","actor"
667538,1676520,"Dominique Fishback","actor"
667538,19540,"Peter Cullen","actor"
667538,2372,"Ron Perlman","actor"
667538,22970,"Peter Dinklage","actor"
667538,1620,"Michelle Yeoh","actor"
667538,1427948,"Pete Davidson","actor"
667538,1700631,"Liza Koshy","actor"
667538,2627590,"Cristo Fernández","actor"
667538,141610,"Luna Lauren Vélez","actor"
667538,1551545,"Steven Caple Jr.","director"
57800,15757,"Ray Romano","actor"
57800,5723,"John Leguizamo","actor"
57800,5724,"Denis Leary","actor"
57800,57599,"Seann William Scott","actor"
57800,15760,"Josh Peck","actor"
57800,22970,"Peter Dinklage","actor"
57800,27102,"Wanda Sykes","actor"
57800,16866,"Jennifer Lopez","actor"
57800,15758,"Queen Latifah","actor"
57800,74688,"Keke Palmer","actor"
57800,71729,"Steve Martino","director"
57800,229962,"Michael Thurmeier","director"
522627,10297,"Matthew McConaughey","actor"
522627,56365,"Charlie Hunnam","actor"
522627,70904,"Michelle Dockery","actor"
522627,239271,"Jeremy Strong","actor"
522627,45753,"Lyne Renee","actor"
522627,72466,"Colin Farrell","actor"
522627,1807132,"Henry Golding","actor"
522627,67212,"Tom Wu","actor"
522627,1285754,"Chidi Ajufo","actor"
522627,3291,"Hugh Grant","actor"
522627,956,"Guy Ritchie","director"
505642,1083010,"Letitia Wright","actor"
505642,87265,"Tenoch Huerta Mejía","actor"
505642,1267329,"Lupita Nyong'o","actor"
505642,82104,"Danai Gurira","actor"
505642,1447932,"Winston Duke","actor"
505642,9780,"Angela Bassett","actor"
505642,7060,"Martin Freeman","actor"
505642,15886,"Julia Louis-Dreyfus","actor"
505642,2133996,"Dominique Thorne","actor"
505642,139900,"Florence Kasumba","actor"
505642,1056121,"Ryan Coogler","director"
75656,44735,"Jesse Eisenberg","actor"
75656,57755,"Woody Harrelson","actor"
75656,52848,"Isla Fisher","actor"
75656,54697,"Dave Franco","actor"
75656,103,"Mark Ruffalo","actor"
75656,19119,"Mélanie Laurent","actor"
75656,192,"Morgan Freeman","actor"
75656,3895,"Michael Caine","actor"
75656,50217,"Michael Kelly","actor"
75656,4238,"Common","actor"
75656,18865,"Louis Leterrier","director"
1612018,9656,"Johnny Knoxville","actor"
1612018,56585,"Steve-O","actor"
1612018,56586,"Chris Pontius","actor"
1612018,78840,"Jason 'Wee Man' Acuña","actor"
1612018,86627,"Dave England","actor"
1612018,76365,"Preston Lacy","actor"
1612018,220241,"Ehren McGhehey","actor"
1612018,56584,"Bam Margera","actor"
1612018,3154463,"Sean McInerney","actor"
1612018,2063166,"Davon 'Jasper' Wilson","actor"
1612018,56578,"Jeff Tremaine","director"
1668364,947296,"Ludwika Paleta","actor"
1668364,72128,"José María Yázpik","actor"
1668364,51943,"Óscar Casas","actor"
1668364,1050107,"Leonardo Ortizgris","actor"
1668364,4218222,"Matías Coronado","actor"
1668364,3654066,"Pilar Pascual","actor"
1668364,6359774,"Ivana Salomón","actor"
1668364,1059051,"Gabriela Zamora","actor"
1668364,140857,"Jaydy Michel","actor"
1668364,1186604,"Giovani Florido","actor"
1668364,6135072,"Teresa Simone","director"
1857,21624,"Judd Nelson","actor"
1857,19540,"Peter Cullen","actor"
1857,15831,"Frank Welker","actor"
1857,1749,"Leonard Nimoy","actor"
1857,40,"Orson Welles","actor"
1857,16418,"Casey Kasem","actor"
1857,81847,"Dan Gilvezan","actor"
1857,7077,"Scatman Crothers","actor"
1857,19548,"Susan Blu","actor"
1857,10713,"Eric Idle","actor"
1857,19542,"Nelson Shin","director"
131634,72129,"Jennifer Lawrence","actor"
131634,27972,"Josh Hutcherson","actor"
131634,96066,"Liam Hemsworth","actor"
131634,57755,"Woody Harrelson","actor"
131634,9281,"Elizabeth Banks","actor"
131634,1231,"Julianne Moore","actor"
131634,1233,"Philip Seymour Hoffman","actor"
131634,2954,"Jeffrey Wright","actor"
131634,2283,"Stanley Tucci","actor"
131634,55636,"Donald Sutherland","actor"
131634,10943,"Francis Lawrence","director"
1266800,1165008,"Kev Adams","actor"
1266800,5255023,"Nahel Tran","actor"
1266800,5255024,"Nahïl Bouazzaoui","actor"
1266800,2878562,"Neige de Maistre","actor"
1266800,1418653,"Adriane Gradziel","actor"
1266800,49870,"Gilles de Maistre","director"
286217,1892,"Matt Damon","actor"
286217,83002,"Jessica Chastain","actor"
286217,41091,"Kristen Wiig","actor"
286217,8447,"Jeff Daniels","actor"
286217,454,"Michael Peña","actor"
286217,48,"Sean Bean","actor"
286217,51072,"Kate Mara","actor"
286217,60898,"Sebastian Stan","actor"
286217,76547,"Aksel Hennie","actor"
286217,5294,"Chiwetel Ejiofor","actor"
286217,578,"Ridley Scott","director"
359410,131,"Jake Gyllenhaal","actor"
359410,1199115,"Conor McGregor","actor"
359410,141034,"Billy Magnussen","actor"
359410,74290,"Travis Van Winkle","actor"
359410,2000335,"Darren Barnet","actor"
359410,1784612,"Daniela Melchior","actor"
359410,1394648,"Jessica Williams","actor"
359410,22462,"Joaquim de Almeida","actor"
359410,3647727,"Hannah Love Lanier","actor"
359410,81391,"J. D. Pardo","actor"
359410,11694,"Doug Liman","director"
1244492,2797433,"Yuumi Kawai","actor"
1244492,2762775,"Mizuki Yoshida","actor"
1244492,20708,"Yoichiro Saito","actor"
1244492,5012790,"Kota Oka","actor"
1244492,4980600,"Kureha Maki","actor"
1244492,5050432,"Koya Yoshihashi","actor"
1244492,3985900,"Takeshi Miyajima","actor"
1244492,1517732,"Daisuke Takahashi","actor"
1244492,5046123,"Jun Ito","actor"
1244492,5012792,"Kaori Takeuchi","actor"
1244492,1456621,"Kiyotaka Oshiyama","director"
940551,466505,"Kumail Nanjiani","actor"
940551,9281,"Elizabeth Banks","actor"
940551,1736671,"Caspar Jennings","actor"
940551,4031156,"Tresi Gazal","actor"
940551,1625558,"Awkwafina","actor"
940551,10556,"Carol Kane","actor"
940551,298410,"Keegan-Michael Key","actor"
940551,518,"Danny DeVito","actor"
940551,139075,"David Mitchell","actor"
940551,1428070,"Isabela Merced","actor"
940551,1092607,"Benjamin Renner","director"
799583,73968,"Henry Cavill","actor"
799583,1222992,"Eiza González","actor"
799583,64295,"Alan Ritchson","actor"
799583,1807132,"Henry Golding","actor"
799583,2130,"Cary Elwes","actor"
799583,61363,"Alex Pettyfer","actor"
799583,205923,"Babs Olusanmokun","actor"
799583,1114487,"Hero Fiennes Tiffin","actor"
799583,139549,"Rory Kinnear","actor"
799583,1844,"Til Schweiger","actor"
799583,956,"Guy Ritchie","director"
1656489,142855,"Tuba Büyüküstün","actor"
1656489,2414436,"Derya Pınar Ak","actor"
1656489,1987247,"Seray Kaya","actor"
1656489,1108184,"Begüm Akkaya","actor"
1656489,3619915,"Rojbin Erden","actor"
1656489,2786245,"Şirin Saldamlı","actor"
1656489,1246607,"Itır Esen","actor"
1656489,3004117,"Taro Emir Tekin","actor"
1656489,1504186,"Hakan Kurtaş","actor"
1656489,142781,"Nur Sürer","actor"
1656489,2890599,"Ali Kemal Güven","director"
290098,123664,"Kim Min-hee","actor"
290098,1537768,"Kim Tae-ri","actor"
290098,75913,"Ha Jung-woo","actor"
290098,138336,"Cho Jin-woong","actor"
290098,93252,"Kim Hae-sook","actor"
290098,83122,"Moon So-ri","actor"
290098,557743,"Lee Yong-nyeo","actor"
290098,3553480,"Kwak Eun-jin","actor"
290098,1418580,"Lee Dong-hwi","actor"
290098,1993723,"Jo Eun-hyung","actor"
290098,10099,"Park Chan-wook","director"
578,6355,"Roy Scheider","actor"
578,8606,"Robert Shaw","actor"
578,3037,"Richard Dreyfuss","actor"
578,8607,"Lorraine Gary","actor"
578,8608,"Murray Hamilton","actor"
578,8555,"Carl Gottlieb","actor"
578,8609,"Jeffrey Kramer","actor"
578,8610,"Susan Backlinie","actor"
578,5286,"Jonathan Filley","actor"
578,8591,"Ted Grossman","actor"
578,488,"Steven Spielberg","director"
508947,3156344,"Rosalie Chiang","actor"
508947,25540,"Sandra Oh","actor"
508947,1373681,"Ava Morse","actor"
508947,2719558,"Hyein Park","actor"
508947,2602879,"Maitreyi Ramakrishnan","actor"
508947,1333452,"Orion Lee","actor"
508947,1269910,"Wai Ching Ho","actor"
508947,2974629,"Tristan Allerick Chen","actor"
508947,20904,"James Hong","actor"
508947,171743,"Lori Tan Chinn","actor"
508947,2009739,"Domee Shi","director"
10020,62050,"Paige O'Hara","actor"
10020,15048,"Robby Benson","actor"
10020,108055,"Richard White","actor"
10020,725,"Jerry Orbach","actor"
10020,28010,"David Ogden Stiers","actor"
10020,14730,"Angela Lansbury","actor"
10020,170970,"Rex Everhart","actor"
10020,75599,"Jesse Corti","actor"
10020,145151,"Bradley Pierce","actor"
10020,25627,"Hal Smith","actor"
10020,62047,"Gary Trousdale","director"
10020,62048,"Kirk Wise","director"
8355,15757,"Ray Romano","actor"
8355,5723,"John Leguizamo","actor"
8355,5724,"Denis Leary","actor"
8355,11108,"Simon Pegg","actor"
8355,57599,"Seann William Scott","actor"
8355,15760,"Josh Peck","actor"
8355,15758,"Queen Latifah","actor"
8355,19278,"Bill Hader","actor"
8355,41091,"Kristen Wiig","actor"
8355,5713,"Chris Wedge","actor"
8355,5714,"Carlos Saldanha","director"
329865,9273,"Amy Adams","actor"
329865,17604,"Jeremy Renner","actor"
329865,2178,"Forest Whitaker","actor"
329865,72873,"Michael Stuhlbarg","actor"
329865,225411,"Mark O'Brien","actor"
329865,21629,"Tzi Ma","actor"
329865,1646444,"Abigail Pniowsky","actor"
329865,1522166,"Julia Scarlett Dan","actor"
329865,1646448,"Jadyn Malone","actor"
329865,135993,"Frank Schorpion","actor"
329865,137427,"Denis Villeneuve","director"
209112,880,"Ben Affleck","actor"
209112,73968,"Henry Cavill","actor"
209112,44735,"Jesse Eisenberg","actor"
209112,90633,"Gal Gadot","actor"
209112,9273,"Amy Adams","actor"
209112,2882,"Diane Lane","actor"
209112,2975,"Laurence Fishburne","actor"
209112,16940,"Jeremy Irons","actor"
209112,18686,"Holly Hunter","actor"
209112,59233,"Scoot McNairy","actor"
209112,15217,"Zack Snyder","director"
10144,63978,"Jodi Benson","actor"
10144,67392,"Samuel E. Wright","actor"
10144,35232,"Pat Carroll","actor"
10144,31468,"Christopher Daniel Barnes","actor"
10144,9601,"Kenneth Mars","actor"
10144,67393,"Buddy Hackett","actor"
10144,184030,"Jason Marin","actor"
10144,9807,"René Auberjonois","actor"
10144,157660,"Paddi Edwards","actor"
10144,71781,"Ben Wright","actor"
10144,15811,"John Musker","director"
10144,15810,"Ron Clements","director"
1084187,1483976,"Maddie Ziegler","actor"
1084187,1452046,"Lana Condor","actor"
1084187,963429,"Iris Apatow","actor"
1084187,1815539,"Millicent Simmonds","actor"
1084187,2749024,"Avantika","actor"
1084187,8445,"Michael Culkin","actor"
1084187,82807,"Lydia Leonard","actor"
1084187,139,"Uma Thurman","actor"
1084187,2069533,"Tamás Hagyó","actor"
1084187,4617051,"Julian Krenn","actor"
1084187,1404799,"Vicky Jewson","director"
1038392,17178,"Patrick Wilson","actor"
1038392,21657,"Vera Farmiga","actor"
1038392,3011652,"Mia Tomlinson","actor"
1038392,1452045,"Ben Hardy","actor"
1038392,1355139,"Rebecca Calder","actor"
1038392,3839198,"Tilly Walker","actor"
1038392,51120,"Elliot Cowan","actor"
1038392,979807,"Shannon Kook","actor"
1038392,80619,"Steve Coulter","actor"
1038392,3042998,"Kíla Lord Cassidy","actor"
1038392,1607672,"Michael Chaves","director"
1376856,225387,"Nani","actor"
1376856,585268,"Mohan Babu","actor"
1376856,2578168,"Kayadu Lohar","actor"
1376856,78920,"Sonali Kulkarni","actor"
1376856,1374676,"Raghav Juyal","actor"
1376856,1418726,"Sampoornesh Babu","actor"
1376856,4432743,"Vishika","actor"
1376856,565890,"Tanikella Bharani","actor"
1376856,1751708,"Priyadarshi Pullikonda","actor"
1376856,2277738,"P.  Vijay Kumar","actor"
1376856,3271589,"Srikanth Odela","director"
62,245,"Keir Dullea","actor"
62,246,"Gary Lockwood","actor"
62,247,"William Sylvester","actor"
62,253,"Douglas Rain","actor"
62,248,"Daniel Richter","actor"
62,249,"Leonard Rossiter","actor"
62,250,"Margaret Tyzack","actor"
62,251,"Robert Beatty","actor"
62,252,"Sean Sullivan","actor"
62,4461547,"Frank W. Miller","actor"
62,240,"Stanley Kubrick","director"
137051,1242148,"Ron White","actor"
137051,56522,"Gillian Barber","actor"
137051,100873,"Jeff Schultz","actor"
137051,189664,"Beatrice Boepple","actor"
137051,53720,"Timothy Webber","actor"
137051,15863,"Don S. Davis","actor"
137051,11833,"R. Nelson Brown","actor"
137051,12643,"William B. Davis","actor"
137051,75467,"Stephen E. Miller","actor"
137051,27120,"Matt Hill","actor"
137051,87767,"Richard Martin","director"
101,1003,"Jean Reno","actor"
101,524,"Natalie Portman","actor"
101,64,"Gary Oldman","actor"
101,1004,"Danny Aiello","actor"
101,1005,"Peter Appel","actor"
101,1010,"Michael Badalucco","actor"
101,13420,"Ellen Greene","actor"
101,138401,"Frank Senger","actor"
101,122230,"Elizabeth Regen","actor"
101,977543,"Carl J. Matusovich","actor"
101,59,"Luc Besson","director"
281957,6193,"Leonardo DiCaprio","actor"
281957,2524,"Tom Hardy","actor"
281957,93210,"Domhnall Gleeson","actor"
281957,93491,"Will Poulter","actor"
281957,1560185,"Forrest Goodluck","actor"
281957,117428,"Duane Howard","actor"
281957,1839463,"Arthur Redcloud","actor"
281957,2498673,"Melaw Nakehk'o","actor"
281957,1554188,"Grace Dove","actor"
281957,526,"Lukas Haas","actor"
281957,223,"Alejandro G. Iñárritu","director"
1288341,8329,"Radha Mitchell","actor"
1288341,3129,"Tim Roth","actor"
1288341,3077259,"Annabel Wolfe","actor"
1288341,65524,"Ioan Gruffudd","actor"
1288341,133212,"Ryan Kwanten","actor"
1288341,3684983,"Lee Tiger Halley","actor"
1288341,1231111,"Charles Cottier","actor"
1288341,1576672,"Pacharo Mzembe","actor"
1288341,6028766,"Damien Ryan","actor"
1288341,3043226,"Bianca Wallace","actor"
1288341,1017316,"Sandra Sciberras","director"
1306368,1892,"Matt Damon","actor"
1306368,880,"Ben Affleck","actor"
1306368,964679,"Teyana Taylor","actor"
1306368,215055,"Steven Yeun","actor"
1306368,5887,"Catalina Sandino Moreno","actor"
1306368,2542319,"Sasha Calle","actor"
1306368,3497,"Kyle Chandler","actor"
1306368,78110,"Scott Adkins","actor"
1306368,2271371,"Daisuke Tsuji","actor"
1306368,21316,"Nestor Carbonell","actor"
1306368,40223,"Joe Carnahan","director"
1272837,5469,"Ralph Fiennes","actor"
1272837,5107934,"Alfie Williams","actor"
1272837,85065,"Jack O'Connell","actor"
1272837,1672504,"Erin Kellyman","actor"
1272837,1344320,"Chi Lewis-Parry","actor"
1272837,5518922,"Connor Newall","actor"
1272837,5514148,"Maura Bird","actor"
1272837,3916722,"Ghazi Al Ruffai","actor"
1272837,4502181,"Robert Rhodes","actor"
1272837,2290611,"Emma Laird","actor"
1272837,1795072,"Nia DaCosta","director"
49519,2963,"Nicolas Cage","actor"
49519,54693,"Emma Stone","actor"
49519,10859,"Ryan Reynolds","actor"
49519,2229,"Catherine Keener","actor"
49519,9599,"Cloris Leachman","actor"
49519,54729,"Clark Duke","actor"
49519,66193,"Chris Sanders","actor"
49519,42267,"Randy Thom","actor"
49519,71267,"Kirk DeMicco","director"
49519,66193,"Chris Sanders","director"
102382,37625,"Andrew Garfield","actor"
102382,54693,"Emma Stone","actor"
102382,134,"Jamie Foxx","actor"
102382,122889,"Dane DeHaan","actor"
102382,10132,"Colm Feore","actor"
102382,72855,"Felicity Jones","actor"
102382,13242,"Paul Giamatti","actor"
102382,35,"Sally Field","actor"
102382,6368,"Embeth Davidtz","actor"
102382,55152,"Campbell Scott","actor"
102382,87742,"Marc Webb","director"
4348,116,"Keira Knightley","actor"
4348,15576,"Matthew Macfadyen","actor"
4348,4154,"Brenda Blethyn","actor"
4348,10882,"Rosamund Pike","actor"
4348,36662,"Carey Mulligan","actor"
4348,20089,"Jena Malone","actor"
4348,66441,"Talulah Riley","actor"
4348,55636,"Donald Sutherland","actor"
4348,36665,"Simon Woods","actor"
4348,5309,"Judi Dench","actor"
4348,36588,"Joe Wright","director"
351286,73457,"Chris Pratt","actor"
351286,18997,"Bryce Dallas Howard","actor"
351286,28847,"Rafe Spall","actor"
351286,1029934,"Justice Smith","actor"
351286,1257819,"Daniella Pineda","actor"
351286,2505,"James Cromwell","actor"
351286,13014,"Toby Jones","actor"
351286,15854,"Ted Levine","actor"
351286,4785,"Jeff Goldblum","actor"
351286,14592,"BD Wong","actor"
351286,51894,"J. A. Bayona","director"
207703,1303037,"Taron Egerton","actor"
207703,5472,"Colin Firth","actor"
207703,2231,"Samuel L. Jackson","actor"
207703,2983,"Mark Strong","actor"
207703,1282054,"Sophie Cookson","actor"
207703,568657,"Sofia Boutella","actor"
207703,3895,"Michael Caine","actor"
207703,1322314,"Edward Holcroft","actor"
207703,931785,"Hanna Alström","actor"
207703,78952,"Samantha Womack","actor"
207703,957,"Matthew Vaughn","director"
18240,18277,"Sandra Bullock","actor"
18240,10859,"Ryan Reynolds","actor"
18240,50463,"Malin Akerman","actor"
18240,8977,"Craig T. Nelson","actor"
18240,2453,"Mary Steenburgen","actor"
18240,71727,"Betty White","actor"
18240,81681,"Denis O'Hare","actor"
18240,76094,"Oscar Nuñez","actor"
18240,20644,"Aasif Mandvi","actor"
18240,8699,"Michael Nouri","actor"
18240,29214,"Anne Fletcher","director"
1233575,112,"Cate Blanchett","actor"
1233575,17288,"Michael Fassbender","actor"
1233575,52891,"Tom Burke","actor"
1233575,2673762,"Marisa Abela","actor"
1233575,1628687,"Regé-Jean Page","actor"
1233575,2038,"Naomie Harris","actor"
1233575,63764,"Gustaf Skarsgård","actor"
1233575,1399750,"Kae Alexander","actor"
1233575,1361520,"Martin Bassindale","actor"
1233575,517,"Pierce Brosnan","actor"
1233575,1884,"Steven Soderbergh","director"
1180894,16971,"Maribel Verdú","actor"
1180894,3925017,"Sofía Otero","actor"
1180894,94214,"Erik Probanza","actor"
1180894,1760905,"Urko Olazábal","actor"
1180894,1347585,"Marcelo Galván","actor"
1180894,5808098,"Ibai Atanes","actor"
1180894,970993,"Zorion Eguileor","actor"
1180894,1456451,"Sandra Ferrús","actor"
1180894,1800570,"Cristian Bernard","director"
489,1892,"Matt Damon","actor"
489,2157,"Robin Williams","actor"
489,880,"Ben Affleck","actor"
489,1640,"Stellan Skarsgård","actor"
489,6613,"Minnie Driver","actor"
489,1893,"Casey Affleck","actor"
489,6614,"Cole Hauser","actor"
489,6623,"Vik Sahay","actor"
489,6615,"John Mighton","actor"
489,6616,"Rachel Majorowski","actor"
489,5216,"Gus Van Sant","director"
1318621,2309874,"Kylie Cantrall","actor"
1318621,2630461,"Malia Baker","actor"
1318621,3633768,"Liamani Segura","actor"
1318621,1089873,"Rita Ora","actor"
1318621,33285,"Brandy Norwood","actor"
1318621,24200,"Leonardo Nam","actor"
1318621,5269159,"Alexandro Byrd","actor"
1318621,2894471,"Brendon Tremblay","actor"
1318621,2982884,"Kiara Romero","actor"
1318621,1212273,"Melanie Paxson","actor"
1318621,108753,"Kimmy Gatewood","director"
609681,60073,"Brie Larson","actor"
609681,970219,"Teyonah Parris","actor"
609681,2798462,"Iman Vellani","actor"
609681,2231,"Samuel L. Jackson","actor"
609681,118034,"Zawe Ashton","actor"
609681,480,"Gary Lewis","actor"
609681,1347525,"Park Seo-jun","actor"
609681,1809782,"Zenobia Shroff","actor"
609681,1014905,"Mohan Kapur","actor"
609681,2889306,"Saagar Shaikh","actor"
609681,1795072,"Nia DaCosta","director"
78,3,"Harrison Ford","actor"
78,585,"Rutger Hauer","actor"
78,586,"Sean Young","actor"
78,587,"Edward James Olmos","actor"
78,588,"M. Emmet Walsh","actor"
78,589,"Daryl Hannah","actor"
78,590,"William Sanderson","actor"
78,591,"Brion James","actor"
78,592,"Joe Turkel","actor"
78,593,"Joanna Cassidy","actor"
78,578,"Ridley Scott","director"
181812,4,"Carrie Fisher","actor"
181812,2,"Mark Hamill","actor"
181812,1315036,"Daisy Ridley","actor"
181812,1023139,"Adam Driver","actor"
181812,236695,"John Boyega","actor"
181812,25072,"Oscar Isaac","actor"
181812,6,"Anthony Daniels","actor"
181812,1537686,"Naomi Ackie","actor"
181812,93210,"Domhnall Gleeson","actor"
181812,20766,"Richard E. Grant","actor"
181812,15344,"J.J. Abrams","director"
9820,49265,"Lindsay Lohan","actor"
9820,6065,"Dennis Quaid","actor"
9820,20162,"Natasha Richardson","actor"
9820,55422,"Elaine Hendrix","actor"
9820,4494,"Lisa Ann Walter","actor"
9820,10701,"Simon Kunz","actor"
9820,11715,"Polly Holliday","actor"
9820,145345,"Maggie Wheeler","actor"
9820,94837,"Ronnie Stevens","actor"
9820,1242306,"Erin Mackey","actor"
9820,17698,"Nancy Meyers","director"
1084199,1981044,"Sophie Thatcher","actor"
1084199,1030513,"Jack Quaid","actor"
1084199,1371509,"Lukas Gage","actor"
1084199,2073513,"Megan Suri","actor"
1084199,210172,"Harvey Guillén","actor"
1084199,36669,"Rupert Friend","actor"
1084199,1998733,"Jaboukie Young-White","actor"
1084199,1152011,"Matthew J. McCarthy","actor"
1084199,212776,"Marc Menchaca","actor"
1084199,3303063,"Woody Fu","actor"
1084199,1087245,"Drew Hancock","director"
278154,15757,"Ray Romano","actor"
278154,5723,"John Leguizamo","actor"
278154,5724,"Denis Leary","actor"
278154,212604,"Adam Devine","actor"
278154,204815,"Jesse Tyler Ferguson","actor"
278154,1213603,"Max Greenfield","actor"
278154,1107461,"Jessie J","actor"
278154,17039,"Nick Offerman","actor"
278154,74688,"Keke Palmer","actor"
278154,15760,"Josh Peck","actor"
278154,229962,"Michael Thurmeier","director"
381284,40036,"Taraji P. Henson","actor"
381284,6944,"Octavia Spencer","actor"
381284,1005852,"Janelle Monáe","actor"
381284,1269,"Kevin Costner","actor"
381284,205,"Kirsten Dunst","actor"
381284,5374,"Jim Parsons","actor"
381284,932967,"Mahershala Ali","actor"
381284,83271,"Glen Powell","actor"
381284,1141877,"Ariana Neal","actor"
381284,1607523,"Saniyya Sidney","actor"
381284,1141683,"Theodore Melfi","director"
82702,449,"Jay Baruchel","actor"
82702,112,"Cate Blanchett","actor"
82702,17276,"Gerard Butler","actor"
82702,24264,"Craig Ferguson","actor"
82702,59174,"America Ferrera","actor"
82702,21007,"Jonah Hill","actor"
82702,54691,"Christopher Mintz-Plasse","actor"
82702,51990,"T.J. Miller","actor"
82702,41091,"Kristen Wiig","actor"
82702,938,"Djimon Hounsou","actor"
82702,69797,"Dean DeBlois","director"
1598766,126485,"Yumiko Kobayashi","actor"
1598766,937252,"Miki Narahashi","actor"
1598766,9706,"Toshiyuki Morikawa","actor"
1598766,217924,"Satomi Korogi","actor"
1598766,3033843,"Masaki Watanabe","director"
6977,3810,"Javier Bardem","actor"
6977,2176,"Tommy Lee Jones","actor"
6977,16851,"Josh Brolin","actor"
6977,57755,"Woody Harrelson","actor"
6977,9015,"Kelly Macdonald","actor"
6977,39520,"Garret Dillahunt","actor"
6977,41249,"Tess Harper","actor"
6977,12852,"Barry Corbin","actor"
6977,17401,"Stephen Root","actor"
6977,51732,"Rodger Boyce","actor"
6977,1223,"Joel Coen","director"
6977,1224,"Ethan Coen","director"
118,85,"Johnny Depp","actor"
118,1281,"Freddie Highmore","actor"
118,1282,"David Kelly","actor"
118,1283,"Helena Bonham Carter","actor"
118,1284,"Noah Taylor","actor"
118,1294,"Missi Pyle","actor"
118,1292,"James Fox","actor"
118,1295,"Deep Roy","actor"
118,113,"Christopher Lee","actor"
118,23429,"Adam Godley","actor"
118,510,"Tim Burton","director"
1175942,6807,"Sam Rockwell","actor"
1175942,1231717,"Marc Maron","actor"
1175942,1625558,"Awkwafina","actor"
1175942,64342,"Craig Robinson","actor"
1175942,1560244,"Anthony Ramos","actor"
1175942,1545693,"Zazie Beetz","actor"
1175942,1075037,"Danielle Brooks","actor"
1175942,10871,"Natasha Lyonne","actor"
1175942,2408703,"Maria Bakalova","actor"
1175942,24357,"Alex Borstein","actor"
1175942,1261455,"Pierre Perifel","director"
745,62,"Bruce Willis","actor"
745,9640,"Haley Joel Osment","actor"
745,3051,"Toni Collette","actor"
745,11616,"Olivia Williams","actor"
745,4940,"Trevor Morgan","actor"
745,2680,"Donnie Wahlberg","actor"
745,52861,"Peter Anthony Tambakis","actor"
745,11619,"Jeffrey Zubernis","actor"
745,11621,"Bruce Norris","actor"
745,10694,"Glenn Fitzgerald","actor"
745,11614,"M. Night Shyamalan","director"
260513,8977,"Craig T. Nelson","actor"
260513,18686,"Holly Hunter","actor"
260513,59361,"Sarah Vowell","actor"
260513,1852182,"Huck Milner","actor"
260513,2229,"Catherine Keener","actor"
260513,59358,"Eli Fucile","actor"
260513,59410,"Bob Odenkirk","actor"
260513,2231,"Samuel L. Jackson","actor"
260513,1075148,"Michael Bird","actor"
260513,54830,"Sophia Bush","actor"
260513,7087,"Brad Bird","director"
1159831,1498158,"Jessie Buckley","actor"
1159831,3894,"Christian Bale","actor"
1159831,133,"Peter Sarsgaard","actor"
1159831,37154,"John Magaro","actor"
1159831,124377,"Jeannie Berlin","actor"
1159831,516,"Annette Bening","actor"
1159831,131,"Jake Gyllenhaal","actor"
1159831,955,"Penélope Cruz","actor"
1159831,31960,"Zlatko Burić","actor"
1159831,163731,"Louis Cancelmi","actor"
1159831,1579,"Maggie Gyllenhaal","director"
9487,21290,"Dave Foley","actor"
9487,1979,"Kevin Spacey","actor"
9487,15886,"Julia Louis-Dreyfus","actor"
9487,17265,"Hayden Panettiere","actor"
9487,89784,"Phyllis Diller","actor"
9487,21125,"Richard Kind","actor"
9487,11076,"David Hyde Pierce","actor"
9487,7911,"Joe Ranft","actor"
9487,5724,"Denis Leary","actor"
9487,123037,"Jonathan Harris","actor"
9487,7879,"John Lasseter","director"
166426,85,"Johnny Depp","actor"
166426,3810,"Javier Bardem","actor"
166426,118,"Geoffrey Rush","actor"
166426,1017347,"Brenton Thwaites","actor"
166426,115150,"Kaya Scodelario","actor"
166426,229932,"Golshifteh Farahani","actor"
166426,2449,"Kevin McNally","actor"
166426,1115,"Stephen Graham","actor"
166426,1714,"Angus Barnett","actor"
166426,1371,"David Wenham","actor"
166426,20308,"Espen Sandberg","director"
166426,20307,"Joachim Rønning","director"
216156,1665,"Eddie Marsan","actor"
216156,130977,"Joanne Froggatt","actor"
216156,1227509,"Karen Drury","actor"
216156,1235008,"Andrew Buchan","actor"
216156,1270331,"Neil D'Souza","actor"
216156,79888,"Tim Potter","actor"
216156,1730419,"Michael Elkin","actor"
216156,220448,"Paul Anderson","actor"
216156,75076,"Bronson Webb","actor"
216156,578690,"Lee Nicholas Harris","actor"
216156,57632,"Uberto Pasolini","director"
324552,6384,"Keanu Reeves","actor"
324552,4238,"Common","actor"
324552,2975,"Laurence Fishburne","actor"
324552,59270,"Riccardo Scamarcio","actor"
324552,1246972,"Ruby Rose","actor"
324552,129101,"Lance Reddick","actor"
324552,53,"Peter Stormare","actor"
324552,18354,"Bridget Moynahan","actor"
324552,22383,"Franco Nero","actor"
324552,5723,"John Leguizamo","actor"
324552,40644,"Chad Stahelski","director"
698687,74568,"Chris Hemsworth","actor"
698687,226366,"Brian Tyree Henry","actor"
698687,1245,"Scarlett Johansson","actor"
698687,298410,"Keegan-Michael Key","actor"
698687,65717,"Jon Hamm","actor"
698687,884,"Steve Buscemi","actor"
698687,2975,"Laurence Fishburne","actor"
698687,171997,"Vanessa Liguori","actor"
698687,2204260,"Jon Bailey","actor"
698687,1375036,"Jason Konopisos-Alvarez","actor"
698687,84496,"Josh Cooley","director"
1317288,1190668,"Timothée Chalamet","actor"
1317288,12052,"Gwyneth Paltrow","actor"
1317288,1972166,"Odessa A'zion","actor"
1317288,1240877,"Kevin O'Leary","actor"
1317288,1133834,"Tyler, The Creator","actor"
1317288,53122,"Fran Drescher","actor"
1317288,39104,"Abel Ferrara","actor"
1317288,1041440,"Emory Cohen","actor"
1317288,1454942,"Géza Röhrig","actor"
1317288,5848473,"Koto Kawaguchi","actor"
1317288,129561,"Josh Safdie","director"
12155,76070,"Mia Wasikowska","actor"
12155,85,"Johnny Depp","actor"
12155,1813,"Anne Hathaway","actor"
12155,1283,"Helena Bonham Carter","actor"
12155,1064,"Crispin Glover","actor"
12155,26209,"Matt Lucas","actor"
12155,4566,"Alan Rickman","actor"
12155,11275,"Stephen Fry","actor"
12155,3968,"Michael Sheen","actor"
12155,9191,"Timothy Spall","actor"
12155,510,"Tim Burton","director"
1214028,4939793,"Lily Whiteley","actor"
1214028,1213279,"Ryan Corr","actor"
1214028,15298,"Rachel House","actor"
1214028,1229578,"Brooke Satchwell","actor"
1214028,208270,"Rick Donald","actor"
1214028,228704,"Deborah Mailman","actor"
1214028,109437,"Clarence John Ryan","actor"
1214028,94793,"Roy Billing","actor"
1214028,1275903,"Rarriwuy Hick","actor"
1214028,10760,"Geneviève Lemon","actor"
1214028,93120,"Kate Woods","director"
954,500,"Tom Cruise","actor"
954,10127,"Jon Voight","actor"
954,4885,"Emmanuelle Béart","actor"
954,15319,"Henry Czerny","actor"
954,1003,"Jean Reno","actor"
954,10182,"Ving Rhames","actor"
954,5470,"Kristin Scott Thomas","actor"
954,13333,"Vanessa Redgrave","actor"
954,14593,"Ingeborga Dapkūnaitė","actor"
954,15322,"Valentina Yakunina","actor"
954,1150,"Brian De Palma","director"
80321,7399,"Ben Stiller","actor"
80321,2632,"Chris Rock","actor"
80321,14409,"David Schwimmer","actor"
80321,9575,"Jada Pinkett Smith","actor"
80321,6730,"Sacha Baron Cohen","actor"
80321,5726,"Cedric the Entertainer","actor"
80321,28637,"Andy Richter","actor"
80321,18864,"Tom McGrath","actor"
80321,3910,"Frances McDormand","actor"
80321,83002,"Jessica Chastain","actor"
80321,18863,"Eric Darnell","director"
80321,12080,"Conrad Vernon","director"
80321,18864,"Tom McGrath","director"
1576,63,"Milla Jovovich","actor"
1576,17647,"Michelle Rodriguez","actor"
1576,11867,"Eric Mabius","actor"
1576,17648,"James Purefoy","actor"
1576,557323,"Martin Crewes","actor"
1576,5414,"Colin Salmon","actor"
1576,47779,"Pasquale Aleardi","actor"
1576,7059,"Heike Makatsch","actor"
1576,146784,"Ryan McCluskey","actor"
1576,1104994,"Oscar Pearce","actor"
1576,4014,"Paul W. S. Anderson","director"
170,2037,"Cillian Murphy","actor"
170,2038,"Naomie Harris","actor"
170,2039,"Brendan Gleeson","actor"
170,2058,"Megan Burns","actor"
170,2040,"Christopher Eccleston","actor"
170,2050,"Noah Huntley","actor"
170,68307,"Luke Mably","actor"
170,2258,"Stuart McQuarrie","actor"
170,63003,"Ricci Harnett","actor"
170,29237,"Leo Bill","actor"
170,2034,"Danny Boyle","director"
28,8349,"Martin Sheen","actor"
28,3084,"Marlon Brando","actor"
28,8351,"Frederic Forrest","actor"
28,8354,"Albert Hall","actor"
28,2975,"Laurence Fishburne","actor"
28,8350,"Sam Bottoms","actor"
28,3087,"Robert Duvall","actor"
28,3173,"G.D. Spradlin","actor"
28,3,"Harrison Ford","actor"
28,8346,"Jerry Ziesmer","actor"
28,1776,"Francis Ford Coppola","director"
49018,17178,"Patrick Wilson","actor"
49018,9827,"Rose Byrne","actor"
49018,7401,"Lin Shaye","actor"
49018,17181,"Ty Simpkins","actor"
49018,10767,"Barbara Hershey","actor"
49018,2128,"Leigh Whannell","actor"
49018,59117,"Angus Sampson","actor"
49018,208524,"Andrew Astor","actor"
49018,188081,"Corbett Tuck","actor"
49018,1055672,"Heather Tocquigny","actor"
49018,2127,"James Wan","director"
640146,22226,"Paul Rudd","actor"
640146,19034,"Evangeline Lilly","actor"
640146,3392,"Michael Douglas","actor"
640146,1160,"Michelle Pfeiffer","actor"
640146,1674162,"Jonathan Majors","actor"
640146,221192,"Kathryn Newton","actor"
640146,74541,"Corey Stoll","actor"
640146,1532,"Bill Murray","actor"
640146,2252989,"Katy O'Brian","actor"
640146,1410478,"William Jackson Harper","actor"
640146,59026,"Peyton Reed","director"
500,1037,"Harvey Keitel","actor"
500,3129,"Tim Roth","actor"
500,147,"Michael Madsen","actor"
500,2969,"Chris Penn","actor"
500,884,"Steve Buscemi","actor"
500,6937,"Lawrence Tierney","actor"
500,6938,"Randy Brooks","actor"
500,3206,"Kirk Baltz","actor"
500,6939,"Edward Bunker","actor"
500,138,"Quentin Tarantino","actor"
500,138,"Quentin Tarantino","director"
760104,1137824,"Mia Goth","actor"
760104,974169,"Jenna Ortega","actor"
760104,29221,"Brittany Snow","actor"
760104,484359,"Kid Cudi","actor"
760104,26291,"Martin Henderson","actor"
760104,132220,"Owen Campbell","actor"
760104,1440014,"Stephen Ure","actor"
760104,54492,"James Gaylyn","actor"
760104,1238425,"Simon Prast","actor"
760104,197767,"Geoff Dolan","actor"
760104,101542,"Ti West","director"
